frecuencia,id_externo,moneda,tipo_cambio,fecha,fecha_contable,nota,subsidiaria,nota_linea,id_cuenta_contable,numero_cuenta_contable,debito,credito,external_id_tercero,nombre_tercero,clase,departamento,ubicacion_centro_costo
2,1RA QUINCENA -DICIEMBRE  DEL 01/12/2021 - AL 15/12/2021,US Dollar,1,2021-12-01,"dic2021",0001#333100-10-12-2021,HOLDING PJV,100-SALARIO,1,611101.01-1,11804.14,0,ccc,...,,,
2,1RA QUINCENA -DICIEMBRE  DEL 01/12/2021 - AL 15/12/2021,US Dollar,1,2021-12-01,"dic2021",0001#333106-10-12-2021,HOLDING PJV,106-HORA EXTRA DIURNA (1.25),2,611101.02-1,274.53,0,ccc,...,,,
2,1RA QUINCENA -DICIEMBRE  DEL 01/12/2021 - AL 15/12/2021,US Dollar,1,2021-12-01,"dic2021",0001#333123-10-12-2021,HOLDING PJV,123-HORA EXTRAS MIXTA DIURNA(1.50),2,611101.02-1,8.32,0,ccc,...,,,
2,1RA QUINCENA -DICIEMBRE  DEL 01/12/2021 - AL 15/12/2021,US Dollar,1,2021-12-01,"dic2021",0001#333145-10-12-2021,HOLDING PJV,145-GASTOS DE REPRESENTACION,5,611101.20,250.00,0,ccc,...,,,
2,1RA QUINCENA -DICIEMBRE  DEL 01/12/2021 - AL 15/12/2021,US Dollar,1,2021-12-01,"dic2021",0001#333158-10-12-2021,HOLDING PJV,158-HORA EXTRA DIURNA (MAN),2,611101.02-1,158.58,0,ccc,...,,,
2,1RA QUINCENA -DICIEMBRE  DEL 01/12/2021 - AL 15/12/2021,US Dollar,1,2021-12-01,"dic2021",0001#333159-10-12-2021,HOLDING PJV,159-EXTRA  MIXTA DIURNA (MAN),2,611101.02-1,53.18,0,ccc,...,,,
2,1RA QUINCENA -DICIEMBRE  DEL 01/12/2021 - AL 15/12/2021,US Dollar,1,2021-12-01,"dic2021",0001#333162-10-12-2021,HOLDING PJV,162-DOMINGO O L/SEMANAL (MAN),3,611101.03-1,28.36,0,ccc,...,,,
2,1RA QUINCENA -DICIEMBRE  DEL 01/12/2021 - AL 15/12/2021,US Dollar,1,2021-12-01,"dic2021",0001#333163-10-12-2021,HOLDING PJV,163-HORA EXTRA DOMINGO DIURNA (MAN),2,611101.02-1,103.54,0,ccc,...,,,
2,1RA QUINCENA -DICIEMBRE  DEL 01/12/2021 - AL 15/12/2021,US Dollar,1,2021-12-01,"dic2021",0001#333165-10-12-2021,HOLDING PJV,165-DIA NACIONAL (MAN),3,611101.03-1,85.10,0,ccc,...,,,
2,1RA QUINCENA -DICIEMBRE  DEL 01/12/2021 - AL 15/12/2021,US Dollar,1,2021-12-01,"dic2021",0001#333176-10-12-2021,HOLDING PJV,176-VIATICOS,4,611101.18,317.50,0,ccc,...,,,
2,1RA QUINCENA -DICIEMBRE  DEL 01/12/2021 - AL 15/12/2021,US Dollar,1,2021-12-01,"dic2021",0001#333177-10-12-2021,HOLDING PJV,177-AJUSTE X RECLAMO,1,611101.01-1,3.85,0,ccc,...,,,
2,1RA QUINCENA -DICIEMBRE  DEL 01/12/2021 - AL 15/12/2021,US Dollar,1,2021-12-01,"dic2021",0001#333181-10-12-2021,HOLDING PJV,181-VIATICOS DE ALIMENTACION,4,611101.18,87.50,0,ccc,...,,,
2,1RA QUINCENA -DICIEMBRE  DEL 01/12/2021 - AL 15/12/2021,US Dollar,1,2021-12-01,"dic2021",0001#333182-10-12-2021,HOLDING PJV,182-HORA EXTRA MIXTA NAL. (MAN),2,611101.02-1,219.03,0,ccc,...,,,
2,1RA QUINCENA -DICIEMBRE  DEL 01/12/2021 - AL 15/12/2021,US Dollar,1,2021-12-01,"dic2021",0001#333183-10-12-2021,HOLDING PJV,183-NO COMP. L/LABORADO,3,611101.03-1,85.10,0,ccc,...,,,
2,1RA QUINCENA -DICIEMBRE  DEL 01/12/2021 - AL 15/12/2021,US Dollar,1,2021-12-01,"dic2021",0001#333186-10-12-2021,HOLDING PJV,186-NO COMP. NAC/LABORADO,3,611101.03-1,28.36,0,ccc,...,,,
2,1RA QUINCENA -DICIEMBRE  DEL 01/12/2021 - AL 15/12/2021,US Dollar,1,2021-12-01,"dic2021",0001#333200-10-12-2021,HOLDING PJV,200-SEGURO SOCIAL ( POR PAGAR TRABAJADOR),6,212502.01,0,1277.48,ccc,...,,,
2,1RA QUINCENA -DICIEMBRE  DEL 01/12/2021 - AL 15/12/2021,US Dollar,1,2021-12-01,"dic2021",0001#333201-10-12-2021,HOLDING PJV,201-SEGURO EDUCATIVO (POR PAGAR TRABAJADOR.),7,212502.02,0,160.62,ccc,...,,,
2,1RA QUINCENA -DICIEMBRE  DEL 01/12/2021 - AL 15/12/2021,US Dollar,1,2021-12-01,"dic2021",0001#333202-10-12-2021,HOLDING PJV,202-IMPUESTO SOBRE LA RENTA (POR PAGAR TRABAJADOR.),8,212502.04,0,502.96,ccc,...,,,
2,1RA QUINCENA -DICIEMBRE  DEL 01/12/2021 - AL 15/12/2021,US Dollar,1,2021-12-01,"dic2021",0001#333208-10-12-2021,HOLDING PJV,208-IMPUESTO SOBRE LA RENTA (POR PAGAR TRABAJADOR) GR,8,212502.04,0,25.00,ccc,...,,,
2,1RA QUINCENA -DICIEMBRE  DEL 01/12/2021 - AL 15/12/2021,US Dollar,1,2021-12-01,"dic2021",0001#333215-10-12-2021,HOLDING PJV,215-IMPUESTO SOBRE LA RENTA (I.S.R.) MAN,8,212502.04,0,74.76,ccc,...,,,
2,1RA QUINCENA -DICIEMBRE  DEL 01/12/2021 - AL 15/12/2021,US Dollar,1,2021-12-01,"dic2021",0001#333502-10-12-2021,HOLDING PJV,502-Banco La Hipotecaria, S. A.,9,212503.01,0,52.00,ccc,...,,,
2,1RA QUINCENA -DICIEMBRE  DEL 01/12/2021 - AL 15/12/2021,US Dollar,1,2021-12-01,"dic2021",0001#333525-10-12-2021,HOLDING PJV,525-Progreso,9,212503.01,0,30.00,ccc,...,,,
,,,,,,,,Total Salarios Por Pagar,,,,11384.27000000001,,,,,
2,1RA QUINCENA -DICIEMBRE  DEL 01/12/2021 - AL 15/12/2021,US Dollar,1,2021-12-01,"dic2021",0001#333100-10-12-2021,CENTRO PANAMA PJV,100-SALARIO,1,611101.01-1,2254.8,0,ccc,...,,,
2,1RA QUINCENA -DICIEMBRE  DEL 01/12/2021 - AL 15/12/2021,US Dollar,1,2021-12-01,"dic2021",0001#333106-10-12-2021,CENTRO PANAMA PJV,106-HORA EXTRA DIURNA (1.25),2,611101.02-1,7.45,0,ccc,...,,,
2,1RA QUINCENA -DICIEMBRE  DEL 01/12/2021 - AL 15/12/2021,US Dollar,1,2021-12-01,"dic2021",0001#333111-10-12-2021,CENTRO PANAMA PJV,111-RECARGO DOMINGO,3,611101.03-1,11.44,0,ccc,...,,,
2,1RA QUINCENA -DICIEMBRE  DEL 01/12/2021 - AL 15/12/2021,US Dollar,1,2021-12-01,"dic2021",0001#333128-10-12-2021,CENTRO PANAMA PJV,128-HORA EXTRA MIXTO DIURNO DOMINGO (50/50),2,611101.02-1,12.87,0,ccc,...,,,
2,1RA QUINCENA -DICIEMBRE  DEL 01/12/2021 - AL 15/12/2021,US Dollar,1,2021-12-01,"dic2021",0001#333159-10-12-2021,CENTRO PANAMA PJV,159-EXTRA  MIXTA DIURNA (MAN),2,611101.02-1,5.00,0,ccc,...,,,
2,1RA QUINCENA -DICIEMBRE  DEL 01/12/2021 - AL 15/12/2021,US Dollar,1,2021-12-01,"dic2021",0001#333162-10-12-2021,CENTRO PANAMA PJV,162-DOMINGO O L/SEMANAL (MAN),3,611101.03-1,11.44,0,ccc,...,,,
2,1RA QUINCENA -DICIEMBRE  DEL 01/12/2021 - AL 15/12/2021,US Dollar,1,2021-12-01,"dic2021",0001#333163-10-12-2021,CENTRO PANAMA PJV,163-HORA EXTRA DOMINGO DIURNA (MAN),2,611101.02-1,12.87,0,ccc,...,,,
2,1RA QUINCENA -DICIEMBRE  DEL 01/12/2021 - AL 15/12/2021,US Dollar,1,2021-12-01,"dic2021",0001#333165-10-12-2021,CENTRO PANAMA PJV,165-DIA NACIONAL (MAN),3,611101.03-1,34.32,0,ccc,...,,,
2,1RA QUINCENA -DICIEMBRE  DEL 01/12/2021 - AL 15/12/2021,US Dollar,1,2021-12-01,"dic2021",0001#333169-10-12-2021,CENTRO PANAMA PJV,169-CERTIFICADO MEDICO,1,611101.01-1,22.88,0,ccc,...,,,
2,1RA QUINCENA -DICIEMBRE RECLAMO DEL 01/12/2021 - AL 15/12/2021,US Dollar,1,2021-12-01,"dic2021",0001#333178-13-12-2021,CENTRO PANAMA PJV,178-AJUSTE X REEMPLAZO,1,611101.01-1,40.00,0,ccc,...,,,
2,1RA QUINCENA -DICIEMBRE  DEL 01/12/2021 - AL 15/12/2021,US Dollar,1,2021-12-01,"dic2021",0001#333181-10-12-2021,CENTRO PANAMA PJV,181-VIATICOS DE ALIMENTACION,4,611101.18,64.30,0,ccc,...,,,
2,1RA QUINCENA -DICIEMBRE  DEL 01/12/2021 - AL 15/12/2021,US Dollar,1,2021-12-01,"dic2021",0001#333182-10-12-2021,CENTRO PANAMA PJV,182-HORA EXTRA MIXTA NAL. (MAN),2,611101.02-1,21.45,0,ccc,...,,,
2,1RA QUINCENA -DICIEMBRE  DEL 01/12/2021 - AL 15/12/2021,US Dollar,1,2021-12-01,"dic2021",0001#333184-10-12-2021,CENTRO PANAMA PJV,184-SUSPENSION,1,611101.01-1,0,22.88,ccc,...,,,
2,1RA QUINCENA -DICIEMBRE  DEL 01/12/2021 - AL 15/12/2021,US Dollar,1,2021-12-01,"dic2021",0001#333200-10-12-2021,CENTRO PANAMA PJV,200-SEGURO SOCIAL ( POR PAGAR TRABAJADOR),6,212502.01,0,234.98,ccc,...,,,
2,1RA QUINCENA -DICIEMBRE  DEL 01/12/2021 - AL 15/12/2021,US Dollar,1,2021-12-01,"dic2021",0001#333201-10-12-2021,CENTRO PANAMA PJV,201-SEGURO EDUCATIVO (POR PAGAR TRABAJADOR.),7,212502.02,0,30.12,ccc,...,,,
,,,,,,,,Total Salarios Por Pagar,,,,2210.84,,,,,
2,1RA QUINCENA -DICIEMBRE  DEL 01/12/2021 - AL 15/12/2021,US Dollar,1,2021-12-01,"dic2021",0001#333100-10-12-2021,CENTRO PANAMA PJV,100-SALARIO,1,611101.01-1,2721.32,0,ccc,...,,,
2,1RA QUINCENA -DICIEMBRE  DEL 01/12/2021 - AL 15/12/2021,US Dollar,1,2021-12-01,"dic2021",0001#333106-10-12-2021,CENTRO PANAMA PJV,106-HORA EXTRA DIURNA (1.25),2,611101.02-1,11.27,0,ccc,...,,,
2,1RA QUINCENA -DICIEMBRE  DEL 01/12/2021 - AL 15/12/2021,US Dollar,1,2021-12-01,"dic2021",0001#333111-10-12-2021,CENTRO PANAMA PJV,111-RECARGO DOMINGO,3,611101.03-1,45.76,0,ccc,...,,,
2,1RA QUINCENA -DICIEMBRE  DEL 01/12/2021 - AL 15/12/2021,US Dollar,1,2021-12-01,"dic2021",0001#333128-10-12-2021,CENTRO PANAMA PJV,128-HORA EXTRA MIXTO DIURNO DOMINGO (50/50),2,611101.02-1,25.74,0,ccc,...,,,
2,1RA QUINCENA -DICIEMBRE  DEL 01/12/2021 - AL 15/12/2021,US Dollar,1,2021-12-01,"dic2021",0001#333165-10-12-2021,CENTRO PANAMA PJV,165-DIA NACIONAL (MAN),3,611101.03-1,68.64,0,ccc,...,,,
2,1RA QUINCENA -DICIEMBRE  DEL 01/12/2021 - AL 15/12/2021,US Dollar,1,2021-12-01,"dic2021",0001#333181-10-12-2021,CENTRO PANAMA PJV,181-VIATICOS DE ALIMENTACION,4,611101.18,127.60,0,ccc,...,,,
2,1RA QUINCENA -DICIEMBRE  DEL 01/12/2021 - AL 15/12/2021,US Dollar,1,2021-12-01,"dic2021",0001#333182-10-12-2021,CENTRO PANAMA PJV,182-HORA EXTRA MIXTA NAL. (MAN),2,611101.02-1,21.45,0,ccc,...,,,
2,1RA QUINCENA -DICIEMBRE  DEL 01/12/2021 - AL 15/12/2021,US Dollar,1,2021-12-01,"dic2021",0001#333200-10-12-2021,CENTRO PANAMA PJV,200-SEGURO SOCIAL ( POR PAGAR TRABAJADOR),6,212502.01,0,279.72,ccc,...,,,
2,1RA QUINCENA -DICIEMBRE  DEL 01/12/2021 - AL 15/12/2021,US Dollar,1,2021-12-01,"dic2021",0001#333201-10-12-2021,CENTRO PANAMA PJV,201-SEGURO EDUCATIVO (POR PAGAR TRABAJADOR.),7,212502.02,0,35.86,ccc,...,,,
,,,,,,,,Total Salarios Por Pagar,,,,2706.199999999999,,,,,
2,1RA QUINCENA -DICIEMBRE  DEL 01/12/2021 - AL 15/12/2021,US Dollar,1,2021-12-01,"dic2021",0001#333100-10-12-2021,CENTRO PANAMA PJV,100-SALARIO,1,611101.01-1,902,0,ccc,...,,,
2,1RA QUINCENA -DICIEMBRE  DEL 01/12/2021 - AL 15/12/2021,US Dollar,1,2021-12-01,"dic2021",0001#333106-10-12-2021,CENTRO PANAMA PJV,106-HORA EXTRA DIURNA (1.25),2,611101.02-1,25.78,0,ccc,...,,,
2,1RA QUINCENA -DICIEMBRE  DEL 01/12/2021 - AL 15/12/2021,US Dollar,1,2021-12-01,"dic2021",0001#333111-10-12-2021,CENTRO PANAMA PJV,111-RECARGO DOMINGO,3,611101.03-1,11.44,0,ccc,...,,,
2,1RA QUINCENA -DICIEMBRE  DEL 01/12/2021 - AL 15/12/2021,US Dollar,1,2021-12-01,"dic2021",0001#333162-10-12-2021,CENTRO PANAMA PJV,162-DOMINGO O L/SEMANAL (MAN),3,611101.03-1,11.44,0,ccc,...,,,
2,1RA QUINCENA -DICIEMBRE  DEL 01/12/2021 - AL 15/12/2021,US Dollar,1,2021-12-01,"dic2021",0001#333165-10-12-2021,CENTRO PANAMA PJV,165-DIA NACIONAL (MAN),3,611101.03-1,34.32,0,ccc,...,,,
2,1RA QUINCENA -DICIEMBRE  DEL 01/12/2021 - AL 15/12/2021,US Dollar,1,2021-12-01,"dic2021",0001#333181-10-12-2021,CENTRO PANAMA PJV,181-VIATICOS DE ALIMENTACION,4,611101.18,69.30,0,ccc,...,,,
2,1RA QUINCENA -DICIEMBRE  DEL 01/12/2021 - AL 15/12/2021,US Dollar,1,2021-12-01,"dic2021",0001#333200-10-12-2021,CENTRO PANAMA PJV,200-SEGURO SOCIAL ( POR PAGAR TRABAJADOR),6,212502.01,0,96.01,ccc,...,,,
2,1RA QUINCENA -DICIEMBRE  DEL 01/12/2021 - AL 15/12/2021,US Dollar,1,2021-12-01,"dic2021",0001#333201-10-12-2021,CENTRO PANAMA PJV,201-SEGURO EDUCATIVO (POR PAGAR TRABAJADOR.),7,212502.02,0,12.31,ccc,...,,,
2,1RA QUINCENA -DICIEMBRE  DEL 01/12/2021 - AL 15/12/2021,US Dollar,1,2021-12-01,"dic2021",0001#333502-10-12-2021,CENTRO PANAMA PJV,502-Banco La Hipotecaria, S. A.,9,212503.01,0,80.50,ccc,...,,,
2,1RA QUINCENA -DICIEMBRE  DEL 01/12/2021 - AL 15/12/2021,US Dollar,1,2021-12-01,"dic2021",0001#333505-10-12-2021,CENTRO PANAMA PJV,505-Banistmo, S.A.,9,212503.01,0,123.22,ccc,...,,,
,,,,,,,,Total Salarios Por Pagar,,,,742.2400000000002,,,,,
2,1RA QUINCENA -DICIEMBRE  DEL 01/12/2021 - AL 15/12/2021,US Dollar,1,2021-12-01,"dic2021",0001#333100-10-12-2021,CENTRO PANAMA PJV,100-SALARIO,1,611101.01-1,297.44,0,ccc,...,,,
2,1RA QUINCENA -DICIEMBRE  DEL 01/12/2021 - AL 15/12/2021,US Dollar,1,2021-12-01,"dic2021",0001#333178-10-12-2021,CENTRO PANAMA PJV,178-AJUSTE X REEMPLAZO,1,611101.01-1,12.56,0,ccc,...,,,
2,1RA QUINCENA -DICIEMBRE  DEL 01/12/2021 - AL 15/12/2021,US Dollar,1,2021-12-01,"dic2021",0001#333181-10-12-2021,CENTRO PANAMA PJV,181-VIATICOS DE ALIMENTACION,4,611101.18,55.00,0,ccc,...,,,
2,1RA QUINCENA -DICIEMBRE  DEL 01/12/2021 - AL 15/12/2021,US Dollar,1,2021-12-01,"dic2021",0001#333200-10-12-2021,CENTRO PANAMA PJV,200-SEGURO SOCIAL ( POR PAGAR TRABAJADOR),6,212502.01,0,30.23,ccc,...,,,
2,1RA QUINCENA -DICIEMBRE  DEL 01/12/2021 - AL 15/12/2021,US Dollar,1,2021-12-01,"dic2021",0001#333201-10-12-2021,CENTRO PANAMA PJV,201-SEGURO EDUCATIVO (POR PAGAR TRABAJADOR.),7,212502.02,0,3.88,ccc,...,,,
,,,,,,,,Total Salarios Por Pagar,,,,330.89,,,,,
2,1RA QUINCENA -DICIEMBRE  DEL 01/12/2021 - AL 15/12/2021,US Dollar,1,2021-12-01,"dic2021",0001#333100-10-12-2021,METRO PANAMA PJV,100-SALARIO,1,611101.01-1,1504.38,0,ccc,...,,,
2,1RA QUINCENA -DICIEMBRE  DEL 01/12/2021 - AL 15/12/2021,US Dollar,1,2021-12-01,"dic2021",0001#333106-10-12-2021,METRO PANAMA PJV,106-HORA EXTRA DIURNA (1.25),2,611101.02-1,12.17,0,ccc,...,,,
2,1RA QUINCENA -DICIEMBRE  DEL 01/12/2021 - AL 15/12/2021,US Dollar,1,2021-12-01,"dic2021",0001#333111-10-12-2021,METRO PANAMA PJV,111-RECARGO DOMINGO,3,611101.03-1,11.44,0,ccc,...,,,
2,1RA QUINCENA -DICIEMBRE  DEL 01/12/2021 - AL 15/12/2021,US Dollar,1,2021-12-01,"dic2021",0001#333122-10-12-2021,METRO PANAMA PJV,122-DIA NACIONAL,1,611101.01-1,34.32,0,ccc,...,,,
2,1RA QUINCENA -DICIEMBRE  DEL 01/12/2021 - AL 15/12/2021,US Dollar,1,2021-12-01,"dic2021",0001#333123-10-12-2021,METRO PANAMA PJV,123-HORA EXTRAS MIXTA DIURNA(1.50),2,611101.02-1,6.43,0,ccc,...,,,
2,1RA QUINCENA -DICIEMBRE  DEL 01/12/2021 - AL 15/12/2021,US Dollar,1,2021-12-01,"dic2021",0001#333181-10-12-2021,METRO PANAMA PJV,181-VIATICOS DE ALIMENTACION,4,611101.18,65.40,0,ccc,...,,,
2,1RA QUINCENA -DICIEMBRE  DEL 01/12/2021 - AL 15/12/2021,US Dollar,1,2021-12-01,"dic2021",0001#333200-10-12-2021,METRO PANAMA PJV,200-SEGURO SOCIAL ( POR PAGAR TRABAJADOR),6,212502.01,0,152.63,ccc,...,,,
2,1RA QUINCENA -DICIEMBRE  DEL 01/12/2021 - AL 15/12/2021,US Dollar,1,2021-12-01,"dic2021",0001#333201-10-12-2021,METRO PANAMA PJV,201-SEGURO EDUCATIVO (POR PAGAR TRABAJADOR.),7,212502.02,0,19.57,ccc,...,,,
,,,,,,,,Total Salarios Por Pagar,,,,1461.94,,,,,
2,1RA QUINCENA -DICIEMBRE  DEL 01/12/2021 - AL 15/12/2021,US Dollar,1,2021-12-01,"dic2021",0001#333100-10-12-2021,METRO PANAMA PJV,100-SALARIO,1,611101.01-1,1814.32,0,ccc,...,,,
2,1RA QUINCENA -DICIEMBRE  DEL 01/12/2021 - AL 15/12/2021,US Dollar,1,2021-12-01,"dic2021",0001#333106-10-12-2021,METRO PANAMA PJV,106-HORA EXTRA DIURNA (1.25),2,611101.02-1,10.52,0,ccc,...,,,
2,1RA QUINCENA -DICIEMBRE  DEL 01/12/2021 - AL 15/12/2021,US Dollar,1,2021-12-01,"dic2021",0001#333111-10-12-2021,METRO PANAMA PJV,111-RECARGO DOMINGO,3,611101.03-1,22.88,0,ccc,...,,,
2,1RA QUINCENA -DICIEMBRE  DEL 01/12/2021 - AL 15/12/2021,US Dollar,1,2021-12-01,"dic2021",0001#333162-10-12-2021,METRO PANAMA PJV,162-DOMINGO O L/SEMANAL (MAN),3,611101.03-1,11.44,0,ccc,...,,,
2,1RA QUINCENA -DICIEMBRE  DEL 01/12/2021 - AL 15/12/2021,US Dollar,1,2021-12-01,"dic2021",0001#333165-10-12-2021,METRO PANAMA PJV,165-DIA NACIONAL (MAN),3,611101.03-1,34.32,0,ccc,...,,,
2,1RA QUINCENA -DICIEMBRE  DEL 01/12/2021 - AL 15/12/2021,US Dollar,1,2021-12-01,"dic2021",0001#333181-10-12-2021,METRO PANAMA PJV,181-VIATICOS DE ALIMENTACION,4,611101.18,69.30,0,ccc,...,,,
2,1RA QUINCENA -DICIEMBRE  DEL 01/12/2021 - AL 15/12/2021,US Dollar,1,2021-12-01,"dic2021",0001#333200-10-12-2021,METRO PANAMA PJV,200-SEGURO SOCIAL ( POR PAGAR TRABAJADOR),6,212502.01,0,184.61,ccc,...,,,
2,1RA QUINCENA -DICIEMBRE  DEL 01/12/2021 - AL 15/12/2021,US Dollar,1,2021-12-01,"dic2021",0001#333201-10-12-2021,METRO PANAMA PJV,201-SEGURO EDUCATIVO (POR PAGAR TRABAJADOR.),7,212502.02,0,23.67,ccc,...,,,
,,,,,,,,Total Salarios Por Pagar,,,,1754.5,,,,,
2,1RA QUINCENA -DICIEMBRE  DEL 01/12/2021 - AL 15/12/2021,US Dollar,1,2021-12-01,"dic2021",0001#333100-10-12-2021,METRO PANAMA PJV,100-SALARIO,1,611101.01-1,1481.88,0,ccc,...,,,
2,1RA QUINCENA -DICIEMBRE  DEL 01/12/2021 - AL 15/12/2021,US Dollar,1,2021-12-01,"dic2021",0001#333106-10-12-2021,METRO PANAMA PJV,106-HORA EXTRA DIURNA (1.25),2,611101.02-1,9.47,0,ccc,...,,,
2,1RA QUINCENA -DICIEMBRE  DEL 01/12/2021 - AL 15/12/2021,US Dollar,1,2021-12-01,"dic2021",0001#333111-10-12-2021,METRO PANAMA PJV,111-RECARGO DOMINGO,3,611101.03-1,11.44,0,ccc,...,,,
2,1RA QUINCENA -DICIEMBRE  DEL 01/12/2021 - AL 15/12/2021,US Dollar,1,2021-12-01,"dic2021",0001#333165-10-12-2021,METRO PANAMA PJV,165-DIA NACIONAL (MAN),3,611101.03-1,34.32,0,ccc,...,,,
2,1RA QUINCENA -DICIEMBRE  DEL 01/12/2021 - AL 15/12/2021,US Dollar,1,2021-12-01,"dic2021",0001#333181-10-12-2021,METRO PANAMA PJV,181-VIATICOS DE ALIMENTACION,4,611101.18,65.40,0,ccc,...,,,
2,1RA QUINCENA -DICIEMBRE  DEL 01/12/2021 - AL 15/12/2021,US Dollar,1,2021-12-01,"dic2021",0001#333200-10-12-2021,METRO PANAMA PJV,200-SEGURO SOCIAL ( POR PAGAR TRABAJADOR),6,212502.01,0,149.64,ccc,...,,,
2,1RA QUINCENA -DICIEMBRE  DEL 01/12/2021 - AL 15/12/2021,US Dollar,1,2021-12-01,"dic2021",0001#333201-10-12-2021,METRO PANAMA PJV,201-SEGURO EDUCATIVO (POR PAGAR TRABAJADOR.),7,212502.02,0,19.19,ccc,...,,,
2,1RA QUINCENA -DICIEMBRE  DEL 01/12/2021 - AL 15/12/2021,US Dollar,1,2021-12-01,"dic2021",0001#333526-10-12-2021,METRO PANAMA PJV,526-Raquel Andrade C,9,212503.01,0,67.50,ccc,...,,,
,,,,,,,,Total Salarios Por Pagar,,,,1366.18,,,,,
2,1RA QUINCENA -DICIEMBRE  DEL 01/12/2021 - AL 15/12/2021,US Dollar,1,2021-12-01,"dic2021",0001#333100-10-12-2021,METRO PANAMA PJV,100-SALARIO,1,611101.01-1,1138.68,0,ccc,...,,,
2,1RA QUINCENA -DICIEMBRE  DEL 01/12/2021 - AL 15/12/2021,US Dollar,1,2021-12-01,"dic2021",0001#333111-10-12-2021,METRO PANAMA PJV,111-RECARGO DOMINGO,3,611101.03-1,57.20,0,ccc,...,,,
2,1RA QUINCENA -DICIEMBRE  DEL 01/12/2021 - AL 15/12/2021,US Dollar,1,2021-12-01,"dic2021",0001#333123-10-12-2021,METRO PANAMA PJV,123-HORA EXTRAS MIXTA DIURNA(1.50),2,611101.02-1,75.46,0,ccc,...,,,
2,1RA QUINCENA -DICIEMBRE  DEL 01/12/2021 - AL 15/12/2021,US Dollar,1,2021-12-01,"dic2021",0001#333165-10-12-2021,METRO PANAMA PJV,165-DIA NACIONAL (MAN),3,611101.03-1,102.96,0,ccc,...,,,
2,1RA QUINCENA -DICIEMBRE  DEL 01/12/2021 - AL 15/12/2021,US Dollar,1,2021-12-01,"dic2021",0001#333176-10-12-2021,METRO PANAMA PJV,176-VIATICOS,4,611101.18,50.00,0,ccc,...,,,
2,1RA QUINCENA -DICIEMBRE  DEL 01/12/2021 - AL 15/12/2021,US Dollar,1,2021-12-01,"dic2021",0001#333181-10-12-2021,METRO PANAMA PJV,181-VIATICOS DE ALIMENTACION,4,611101.18,55.00,0,ccc,...,,,
2,1RA QUINCENA -DICIEMBRE  DEL 01/12/2021 - AL 15/12/2021,US Dollar,1,2021-12-01,"dic2021",0001#333184-10-12-2021,METRO PANAMA PJV,184-SUSPENSION,1,611101.01-1,0,45.76,ccc,...,,,
2,1RA QUINCENA -DICIEMBRE  DEL 01/12/2021 - AL 15/12/2021,US Dollar,1,2021-12-01,"dic2021",0001#333200-10-12-2021,METRO PANAMA PJV,200-SEGURO SOCIAL ( POR PAGAR TRABAJADOR),6,212502.01,0,128.65,ccc,...,,,
2,1RA QUINCENA -DICIEMBRE  DEL 01/12/2021 - AL 15/12/2021,US Dollar,1,2021-12-01,"dic2021",0001#333201-10-12-2021,METRO PANAMA PJV,201-SEGURO EDUCATIVO (POR PAGAR TRABAJADOR.),7,212502.02,0,16.49,ccc,...,,,
,,,,,,,,Total Salarios Por Pagar,,,,1288.4,,,,,
2,1RA QUINCENA -DICIEMBRE  DEL 01/12/2021 - AL 15/12/2021,US Dollar,1,2021-12-01,"dic2021",0001#333100-10-12-2021,NORTE PANAMA PJV,100-SALARIO,1,611101.01-1,1506.88,0,ccc,...,,,
2,1RA QUINCENA -DICIEMBRE  DEL 01/12/2021 - AL 15/12/2021,US Dollar,1,2021-12-01,"dic2021",0001#333106-10-12-2021,NORTE PANAMA PJV,106-HORA EXTRA DIURNA (1.25),2,611101.02-1,6.13,0,ccc,...,,,
2,1RA QUINCENA -DICIEMBRE  DEL 01/12/2021 - AL 15/12/2021,US Dollar,1,2021-12-01,"dic2021",0001#333111-10-12-2021,NORTE PANAMA PJV,111-RECARGO DOMINGO,3,611101.03-1,22.88,0,ccc,...,,,
2,1RA QUINCENA -DICIEMBRE  DEL 01/12/2021 - AL 15/12/2021,US Dollar,1,2021-12-01,"dic2021",0001#333165-10-12-2021,NORTE PANAMA PJV,165-DIA NACIONAL (MAN),3,611101.03-1,34.32,0,ccc,...,,,
2,1RA QUINCENA -DICIEMBRE  DEL 01/12/2021 - AL 15/12/2021,US Dollar,1,2021-12-01,"dic2021",0001#333181-10-12-2021,NORTE PANAMA PJV,181-VIATICOS DE ALIMENTACION,4,611101.18,64.30,0,ccc,...,,,
2,1RA QUINCENA -DICIEMBRE  DEL 01/12/2021 - AL 15/12/2021,US Dollar,1,2021-12-01,"dic2021",0001#333200-10-12-2021,NORTE PANAMA PJV,200-SEGURO SOCIAL ( POR PAGAR TRABAJADOR),6,212502.01,0,152.34,ccc,...,,,
2,1RA QUINCENA -DICIEMBRE  DEL 01/12/2021 - AL 15/12/2021,US Dollar,1,2021-12-01,"dic2021",0001#333201-10-12-2021,NORTE PANAMA PJV,201-SEGURO EDUCATIVO (POR PAGAR TRABAJADOR.),7,212502.02,0,19.52,ccc,...,,,
2,1RA QUINCENA -DICIEMBRE  DEL 01/12/2021 - AL 15/12/2021,US Dollar,1,2021-12-01,"dic2021",0001#333503-10-12-2021,NORTE PANAMA PJV,503-Banco Nacional de Panamá  (HIPOTECA),9,212503.01,0,162.58,ccc,...,,,
,,,,,,,,Total Salarios Por Pagar,,,,1300.07,,,,,
2,1RA QUINCENA -DICIEMBRE  DEL 01/12/2021 - AL 15/12/2021,US Dollar,1,2021-12-01,"dic2021",0001#333100-10-12-2021,NORTE PANAMA PJV,100-SALARIO,1,611101.01-1,2434.2,0,ccc,...,,,
2,1RA QUINCENA -DICIEMBRE  DEL 01/12/2021 - AL 15/12/2021,US Dollar,1,2021-12-01,"dic2021",0001#333106-10-12-2021,NORTE PANAMA PJV,106-HORA EXTRA DIURNA (1.25),2,611101.02-1,11.27,0,ccc,...,,,
2,1RA QUINCENA -DICIEMBRE  DEL 01/12/2021 - AL 15/12/2021,US Dollar,1,2021-12-01,"dic2021",0001#333111-10-12-2021,NORTE PANAMA PJV,111-RECARGO DOMINGO,3,611101.03-1,11.44,0,ccc,...,,,
2,1RA QUINCENA -DICIEMBRE  DEL 01/12/2021 - AL 15/12/2021,US Dollar,1,2021-12-01,"dic2021",0001#333128-10-12-2021,NORTE PANAMA PJV,128-HORA EXTRA MIXTO DIURNO DOMINGO (50/50),2,611101.02-1,12.87,0,ccc,...,,,
2,1RA QUINCENA -DICIEMBRE  DEL 01/12/2021 - AL 15/12/2021,US Dollar,1,2021-12-01,"dic2021",0001#333159-10-12-2021,NORTE PANAMA PJV,159-EXTRA  MIXTA DIURNA (MAN),2,611101.02-1,5.00,0,ccc,...,,,
2,1RA QUINCENA -DICIEMBRE  DEL 01/12/2021 - AL 15/12/2021,US Dollar,1,2021-12-01,"dic2021",0001#333162-10-12-2021,NORTE PANAMA PJV,162-DOMINGO O L/SEMANAL (MAN),3,611101.03-1,11.44,0,ccc,...,,,
2,1RA QUINCENA -DICIEMBRE  DEL 01/12/2021 - AL 15/12/2021,US Dollar,1,2021-12-01,"dic2021",0001#333163-10-12-2021,NORTE PANAMA PJV,163-HORA EXTRA DOMINGO DIURNA (MAN),2,611101.02-1,12.87,0,ccc,...,,,
2,1RA QUINCENA -DICIEMBRE  DEL 01/12/2021 - AL 15/12/2021,US Dollar,1,2021-12-01,"dic2021",0001#333165-10-12-2021,NORTE PANAMA PJV,165-DIA NACIONAL (MAN),3,611101.03-1,34.32,0,ccc,...,,,
2,1RA QUINCENA -DICIEMBRE  DEL 01/12/2021 - AL 15/12/2021,US Dollar,1,2021-12-01,"dic2021",0001#333181-10-12-2021,NORTE PANAMA PJV,181-VIATICOS DE ALIMENTACION,4,611101.18,69.30,0,ccc,...,,,
2,1RA QUINCENA -DICIEMBRE  DEL 01/12/2021 - AL 15/12/2021,US Dollar,1,2021-12-01,"dic2021",0001#333182-10-12-2021,NORTE PANAMA PJV,182-HORA EXTRA MIXTA NAL. (MAN),2,611101.02-1,21.45,0,ccc,...,,,
2,1RA QUINCENA -DICIEMBRE  DEL 01/12/2021 - AL 15/12/2021,US Dollar,1,2021-12-01,"dic2021",0001#333200-10-12-2021,NORTE PANAMA PJV,200-SEGURO SOCIAL ( POR PAGAR TRABAJADOR),6,212502.01,0,248.56,ccc,...,,,
2,1RA QUINCENA -DICIEMBRE  DEL 01/12/2021 - AL 15/12/2021,US Dollar,1,2021-12-01,"dic2021",0001#333201-10-12-2021,NORTE PANAMA PJV,201-SEGURO EDUCATIVO (POR PAGAR TRABAJADOR.),7,212502.02,0,31.87,ccc,...,,,
2,1RA QUINCENA -DICIEMBRE  DEL 01/12/2021 - AL 15/12/2021,US Dollar,1,2021-12-01,"dic2021",0001#333502-10-12-2021,NORTE PANAMA PJV,502-Banco La Hipotecaria, S. A.,9,212503.01,0,71.00,ccc,...,,,
2,1RA QUINCENA -DICIEMBRE  DEL 01/12/2021 - AL 15/12/2021,US Dollar,1,2021-12-01,"dic2021",0001#333524-10-12-2021,NORTE PANAMA PJV,524-Privivienda, S. A.,9,212503.01,0,60.90,ccc,...,,,
,,,,,,,,Total Salarios Por Pagar,,,,2211.83,,,,,
2,1RA QUINCENA -DICIEMBRE  DEL 01/12/2021 - AL 15/12/2021,US Dollar,1,2021-12-01,"dic2021",0001#333100-10-12-2021,NORTE PANAMA PJV,100-SALARIO,1,611101.01-1,1234.44,0,ccc,...,,,
2,1RA QUINCENA -DICIEMBRE  DEL 01/12/2021 - AL 15/12/2021,US Dollar,1,2021-12-01,"dic2021",0001#333111-10-12-2021,NORTE PANAMA PJV,111-RECARGO DOMINGO,3,611101.03-1,22.88,0,ccc,...,,,
2,1RA QUINCENA -DICIEMBRE  DEL 01/12/2021 - AL 15/12/2021,US Dollar,1,2021-12-01,"dic2021",0001#333158-10-12-2021,NORTE PANAMA PJV,158-HORA EXTRA DIURNA (MAN),2,611101.02-1,6.36,0,ccc,...,,,
2,1RA QUINCENA -DICIEMBRE  DEL 01/12/2021 - AL 15/12/2021,US Dollar,1,2021-12-01,"dic2021",0001#333165-10-12-2021,NORTE PANAMA PJV,165-DIA NACIONAL (MAN),3,611101.03-1,34.32,0,ccc,...,,,
2,1RA QUINCENA -DICIEMBRE  DEL 01/12/2021 - AL 15/12/2021,US Dollar,1,2021-12-01,"dic2021",0001#333181-10-12-2021,NORTE PANAMA PJV,181-VIATICOS DE ALIMENTACION,4,611101.18,64.30,0,ccc,...,,,
2,1RA QUINCENA -DICIEMBRE  DEL 01/12/2021 - AL 15/12/2021,US Dollar,1,2021-12-01,"dic2021",0001#333200-10-12-2021,NORTE PANAMA PJV,200-SEGURO SOCIAL ( POR PAGAR TRABAJADOR),6,212502.01,0,126.53,ccc,...,,,
2,1RA QUINCENA -DICIEMBRE  DEL 01/12/2021 - AL 15/12/2021,US Dollar,1,2021-12-01,"dic2021",0001#333201-10-12-2021,NORTE PANAMA PJV,201-SEGURO EDUCATIVO (POR PAGAR TRABAJADOR.),7,212502.02,0,16.22,ccc,...,,,
2,1RA QUINCENA -DICIEMBRE  DEL 01/12/2021 - AL 15/12/2021,US Dollar,1,2021-12-01,"dic2021",0001#333501-10-12-2021,NORTE PANAMA PJV,501-Banco General,9,212503.01,0,111.52,ccc,...,,,
2,1RA QUINCENA -DICIEMBRE  DEL 01/12/2021 - AL 15/12/2021,US Dollar,1,2021-12-01,"dic2021",0001#333505-10-12-2021,NORTE PANAMA PJV,505-Banistmo, S.A.,9,212503.01,0,43.60,ccc,...,,,
2,1RA QUINCENA -DICIEMBRE  DEL 01/12/2021 - AL 15/12/2021,US Dollar,1,2021-12-01,"dic2021",0001#333506-10-12-2021,NORTE PANAMA PJV,506-Caja de Ahorros,9,212503.01,0,26.78,ccc,...,,,
,,,,,,,,Total Salarios Por Pagar,,,,1037.65,,,,,
2,1RA QUINCENA -DICIEMBRE  DEL 01/12/2021 - AL 15/12/2021,US Dollar,1,2021-12-01,"dic2021",0001#333100-10-12-2021,NORTE PANAMA PJV,100-SALARIO,1,611101.01-1,2421.01,0,ccc,...,,,
2,1RA QUINCENA -DICIEMBRE  DEL 01/12/2021 - AL 15/12/2021,US Dollar,1,2021-12-01,"dic2021",0001#333106-10-12-2021,NORTE PANAMA PJV,106-HORA EXTRA DIURNA (1.25),2,611101.02-1,9.31,0,ccc,...,,,
2,1RA QUINCENA -DICIEMBRE  DEL 01/12/2021 - AL 15/12/2021,US Dollar,1,2021-12-01,"dic2021",0001#333111-10-12-2021,NORTE PANAMA PJV,111-RECARGO DOMINGO,3,611101.03-1,22.88,0,ccc,...,,,
2,1RA QUINCENA -DICIEMBRE  DEL 01/12/2021 - AL 15/12/2021,US Dollar,1,2021-12-01,"dic2021",0001#333128-10-12-2021,NORTE PANAMA PJV,128-HORA EXTRA MIXTO DIURNO DOMINGO (50/50),2,611101.02-1,12.87,0,ccc,...,,,
2,1RA QUINCENA -DICIEMBRE  DEL 01/12/2021 - AL 15/12/2021,US Dollar,1,2021-12-01,"dic2021",0001#333159-10-12-2021,NORTE PANAMA PJV,159-EXTRA  MIXTA DIURNA (MAN),2,611101.02-1,5.00,0,ccc,...,,,
2,1RA QUINCENA -DICIEMBRE  DEL 01/12/2021 - AL 15/12/2021,US Dollar,1,2021-12-01,"dic2021",0001#333162-10-12-2021,NORTE PANAMA PJV,162-DOMINGO O L/SEMANAL (MAN),3,611101.03-1,11.44,0,ccc,...,,,
2,1RA QUINCENA -DICIEMBRE  DEL 01/12/2021 - AL 15/12/2021,US Dollar,1,2021-12-01,"dic2021",0001#333163-10-12-2021,NORTE PANAMA PJV,163-HORA EXTRA DOMINGO DIURNA (MAN),2,611101.02-1,12.87,0,ccc,...,,,
2,1RA QUINCENA -DICIEMBRE  DEL 01/12/2021 - AL 15/12/2021,US Dollar,1,2021-12-01,"dic2021",0001#333165-10-12-2021,NORTE PANAMA PJV,165-DIA NACIONAL (MAN),3,611101.03-1,34.32,0,ccc,...,,,
2,1RA QUINCENA -DICIEMBRE  DEL 01/12/2021 - AL 15/12/2021,US Dollar,1,2021-12-01,"dic2021",0001#333181-10-12-2021,NORTE PANAMA PJV,181-VIATICOS DE ALIMENTACION,4,611101.18,117.20,0,ccc,...,,,
2,1RA QUINCENA -DICIEMBRE  DEL 01/12/2021 - AL 15/12/2021,US Dollar,1,2021-12-01,"dic2021",0001#333182-10-12-2021,NORTE PANAMA PJV,182-HORA EXTRA MIXTA NAL. (MAN),2,611101.02-1,21.45,0,ccc,...,,,
2,1RA QUINCENA -DICIEMBRE  DEL 01/12/2021 - AL 15/12/2021,US Dollar,1,2021-12-01,"dic2021",0001#333200-10-12-2021,NORTE PANAMA PJV,200-SEGURO SOCIAL ( POR PAGAR TRABAJADOR),6,212502.01,0,248.25,ccc,...,,,
2,1RA QUINCENA -DICIEMBRE  DEL 01/12/2021 - AL 15/12/2021,US Dollar,1,2021-12-01,"dic2021",0001#333201-10-12-2021,NORTE PANAMA PJV,201-SEGURO EDUCATIVO (POR PAGAR TRABAJADOR.),7,212502.02,0,31.83,ccc,...,,,
,,,,,,,,Total Salarios Por Pagar,,,,2388.27,,,,,
2,1RA QUINCENA -DICIEMBRE  DEL 01/12/2021 - AL 15/12/2021,US Dollar,1,2021-12-01,"dic2021",0001#333100-10-12-2021,NORTE PANAMA PJV,100-SALARIO,1,611101.01-1,1803.47,0,ccc,...,,,
2,1RA QUINCENA -DICIEMBRE  DEL 01/12/2021 - AL 15/12/2021,US Dollar,1,2021-12-01,"dic2021",0001#333106-10-12-2021,NORTE PANAMA PJV,106-HORA EXTRA DIURNA (1.25),2,611101.02-1,10.82,0,ccc,...,,,
2,1RA QUINCENA -DICIEMBRE  DEL 01/12/2021 - AL 15/12/2021,US Dollar,1,2021-12-01,"dic2021",0001#333111-10-12-2021,NORTE PANAMA PJV,111-RECARGO DOMINGO,3,611101.03-1,22.88,0,ccc,...,,,
2,1RA QUINCENA -DICIEMBRE  DEL 01/12/2021 - AL 15/12/2021,US Dollar,1,2021-12-01,"dic2021",0001#333158-10-12-2021,NORTE PANAMA PJV,158-HORA EXTRA DIURNA (MAN),2,611101.02-1,14.42,0,ccc,...,,,
2,1RA QUINCENA -DICIEMBRE  DEL 01/12/2021 - AL 15/12/2021,US Dollar,1,2021-12-01,"dic2021",0001#333159-10-12-2021,NORTE PANAMA PJV,159-EXTRA  MIXTA DIURNA (MAN),2,611101.02-1,5.00,0,ccc,...,,,
2,1RA QUINCENA -DICIEMBRE  DEL 01/12/2021 - AL 15/12/2021,US Dollar,1,2021-12-01,"dic2021",0001#333181-10-12-2021,NORTE PANAMA PJV,181-VIATICOS DE ALIMENTACION,4,611101.18,120.80,0,ccc,...,,,
2,1RA QUINCENA -DICIEMBRE  DEL 01/12/2021 - AL 15/12/2021,US Dollar,1,2021-12-01,"dic2021",0001#333200-10-12-2021,NORTE PANAMA PJV,200-SEGURO SOCIAL ( POR PAGAR TRABAJADOR),6,212502.01,0,180.65,ccc,...,,,
2,1RA QUINCENA -DICIEMBRE  DEL 01/12/2021 - AL 15/12/2021,US Dollar,1,2021-12-01,"dic2021",0001#333201-10-12-2021,NORTE PANAMA PJV,201-SEGURO EDUCATIVO (POR PAGAR TRABAJADOR.),7,212502.02,0,23.17,ccc,...,,,
2,1RA QUINCENA -DICIEMBRE  DEL 01/12/2021 - AL 15/12/2021,US Dollar,1,2021-12-01,"dic2021",0001#333502-10-12-2021,NORTE PANAMA PJV,502-Banco La Hipotecaria, S. A.,9,212503.01,0,92.50,ccc,...,,,
,,,,,,,,Total Salarios Por Pagar,,,,1681.07,,,,,
2,1RA QUINCENA -DICIEMBRE  DEL 01/12/2021 - AL 15/12/2021,US Dollar,1,2021-12-01,"dic2021",0001#333100-10-12-2021,ESTE PANAMA PJV,100-SALARIO,1,611101.01-1,2983.92,0,ccc,...,,,
2,1RA QUINCENA -DICIEMBRE  DEL 01/12/2021 - AL 15/12/2021,US Dollar,1,2021-12-01,"dic2021",0001#333103-10-12-2021,ESTE PANAMA PJV,103-HORAS PENDIENTES (MAN),1,611101.01-1,22.88,0,ccc,...,,,
2,1RA QUINCENA -DICIEMBRE  DEL 01/12/2021 - AL 15/12/2021,US Dollar,1,2021-12-01,"dic2021",0001#333111-10-12-2021,ESTE PANAMA PJV,111-RECARGO DOMINGO,3,611101.03-1,11.44,0,ccc,...,,,
2,1RA QUINCENA -DICIEMBRE  DEL 01/12/2021 - AL 15/12/2021,US Dollar,1,2021-12-01,"dic2021",0001#333128-10-12-2021,ESTE PANAMA PJV,128-HORA EXTRA MIXTO DIURNO DOMINGO (50/50),2,611101.02-1,12.87,0,ccc,...,,,
2,1RA QUINCENA -DICIEMBRE  DEL 01/12/2021 - AL 15/12/2021,US Dollar,1,2021-12-01,"dic2021",0001#333159-10-12-2021,ESTE PANAMA PJV,159-EXTRA  MIXTA DIURNA (MAN),2,611101.02-1,5.00,0,ccc,...,,,
2,1RA QUINCENA -DICIEMBRE  DEL 01/12/2021 - AL 15/12/2021,US Dollar,1,2021-12-01,"dic2021",0001#333162-10-12-2021,ESTE PANAMA PJV,162-DOMINGO O L/SEMANAL (MAN),3,611101.03-1,11.44,0,ccc,...,,,
2,1RA QUINCENA -DICIEMBRE  DEL 01/12/2021 - AL 15/12/2021,US Dollar,1,2021-12-01,"dic2021",0001#333163-10-12-2021,ESTE PANAMA PJV,163-HORA EXTRA DOMINGO DIURNA (MAN),2,611101.02-1,12.87,0,ccc,...,,,
2,1RA QUINCENA -DICIEMBRE  DEL 01/12/2021 - AL 15/12/2021,US Dollar,1,2021-12-01,"dic2021",0001#333165-10-12-2021,ESTE PANAMA PJV,165-DIA NACIONAL (MAN),3,611101.03-1,68.64,0,ccc,...,,,
2,1RA QUINCENA -DICIEMBRE  DEL 01/12/2021 - AL 15/12/2021,US Dollar,1,2021-12-01,"dic2021",0001#333177-10-12-2021,ESTE PANAMA PJV,177-AJUSTE X RECLAMO,1,611101.01-1,9.06,0,ccc,...,,,
2,1RA QUINCENA -DICIEMBRE  DEL 01/12/2021 - AL 15/12/2021,US Dollar,1,2021-12-01,"dic2021",0001#333181-10-12-2021,ESTE PANAMA PJV,181-VIATICOS DE ALIMENTACION,4,611101.18,139.80,0,ccc,...,,,
2,1RA QUINCENA -DICIEMBRE  DEL 01/12/2021 - AL 15/12/2021,US Dollar,1,2021-12-01,"dic2021",0001#333182-10-12-2021,ESTE PANAMA PJV,182-HORA EXTRA MIXTA NAL. (MAN),2,611101.02-1,21.45,0,ccc,...,,,
2,1RA QUINCENA -DICIEMBRE  DEL 01/12/2021 - AL 15/12/2021,US Dollar,1,2021-12-01,"dic2021",0001#333200-10-12-2021,ESTE PANAMA PJV,200-SEGURO SOCIAL ( POR PAGAR TRABAJADOR),6,212502.01,0,307.68,ccc,...,,,
2,1RA QUINCENA -DICIEMBRE  DEL 01/12/2021 - AL 15/12/2021,US Dollar,1,2021-12-01,"dic2021",0001#333201-10-12-2021,ESTE PANAMA PJV,201-SEGURO EDUCATIVO (POR PAGAR TRABAJADOR.),7,212502.02,0,39.35,ccc,...,,,
2,1RA QUINCENA -DICIEMBRE  DEL 01/12/2021 - AL 15/12/2021,US Dollar,1,2021-12-01,"dic2021",0001#333202-10-12-2021,ESTE PANAMA PJV,202-IMPUESTO SOBRE LA RENTA (POR PAGAR TRABAJADOR.),8,212502.04,0,10.04,ccc,...,,,
2,1RA QUINCENA -DICIEMBRE  DEL 01/12/2021 - AL 15/12/2021,US Dollar,1,2021-12-01,"dic2021",0001#333506-10-12-2021,ESTE PANAMA PJV,506-Caja de Ahorros,9,212503.01,0,93.20,ccc,...,,,
2,1RA QUINCENA -DICIEMBRE  DEL 01/12/2021 - AL 15/12/2021,US Dollar,1,2021-12-01,"dic2021",0001#333524-10-12-2021,ESTE PANAMA PJV,524-Privivienda, S. A.,9,212503.01,0,54.90,ccc,...,,,
,,,,,,,,Total Salarios Por Pagar,,,,2794.199999999999,,,,,
2,1RA QUINCENA -DICIEMBRE  DEL 01/12/2021 - AL 15/12/2021,US Dollar,1,2021-12-01,"dic2021",0001#333100-10-12-2021,ESTE PANAMA PJV,100-SALARIO,1,611101.01-1,887,0,ccc,...,,,
2,1RA QUINCENA -DICIEMBRE  DEL 01/12/2021 - AL 15/12/2021,US Dollar,1,2021-12-01,"dic2021",0001#333106-10-12-2021,ESTE PANAMA PJV,106-HORA EXTRA DIURNA (1.25),2,611101.02-1,31.74,0,ccc,...,,,
2,1RA QUINCENA -DICIEMBRE  DEL 01/12/2021 - AL 15/12/2021,US Dollar,1,2021-12-01,"dic2021",0001#333111-10-12-2021,ESTE PANAMA PJV,111-RECARGO DOMINGO,3,611101.03-1,22.88,0,ccc,...,,,
2,1RA QUINCENA -DICIEMBRE  DEL 01/12/2021 - AL 15/12/2021,US Dollar,1,2021-12-01,"dic2021",0001#333165-10-12-2021,ESTE PANAMA PJV,165-DIA NACIONAL (MAN),3,611101.03-1,34.32,0,ccc,...,,,
2,1RA QUINCENA -DICIEMBRE  DEL 01/12/2021 - AL 15/12/2021,US Dollar,1,2021-12-01,"dic2021",0001#333181-10-12-2021,ESTE PANAMA PJV,181-VIATICOS DE ALIMENTACION,4,611101.18,69.30,0,ccc,...,,,
2,1RA QUINCENA -DICIEMBRE  DEL 01/12/2021 - AL 15/12/2021,US Dollar,1,2021-12-01,"dic2021",0001#333200-10-12-2021,ESTE PANAMA PJV,200-SEGURO SOCIAL ( POR PAGAR TRABAJADOR),6,212502.01,0,95.03,ccc,...,,,
2,1RA QUINCENA -DICIEMBRE  DEL 01/12/2021 - AL 15/12/2021,US Dollar,1,2021-12-01,"dic2021",0001#333201-10-12-2021,ESTE PANAMA PJV,201-SEGURO EDUCATIVO (POR PAGAR TRABAJADOR.),7,212502.02,0,12.18,ccc,...,,,
,,,,,,,,Total Salarios Por Pagar,,,,938.03,,,,,
2,1RA QUINCENA -DICIEMBRE  DEL 01/12/2021 - AL 15/12/2021,US Dollar,1,2021-12-01,"dic2021",0001#333100-10-12-2021,AFUERA COLON PJV,100-SALARIO,1,611101.01-1,2129.22,0,ccc,...,,,
2,1RA QUINCENA -DICIEMBRE  DEL 01/12/2021 - AL 15/12/2021,US Dollar,1,2021-12-01,"dic2021",0001#333111-10-12-2021,AFUERA COLON PJV,111-RECARGO DOMINGO,3,611101.03-1,34.32,0,ccc,...,,,
2,1RA QUINCENA -DICIEMBRE  DEL 01/12/2021 - AL 15/12/2021,US Dollar,1,2021-12-01,"dic2021",0001#333112-10-12-2021,AFUERA COLON PJV,112-HORA EXTRA DOMINGO DIURNA (1.87),3,611101.03-1,14.32,0,ccc,...,,,
2,1RA QUINCENA -DICIEMBRE  DEL 01/12/2021 - AL 15/12/2021,US Dollar,1,2021-12-01,"dic2021",0001#333162-10-12-2021,AFUERA COLON PJV,162-DOMINGO O L/SEMANAL (MAN),3,611101.03-1,11.44,0,ccc,...,,,
2,1RA QUINCENA -DICIEMBRE  DEL 01/12/2021 - AL 15/12/2021,US Dollar,1,2021-12-01,"dic2021",0001#333165-10-12-2021,AFUERA COLON PJV,165-DIA NACIONAL (MAN),3,611101.03-1,34.32,0,ccc,...,,,
2,1RA QUINCENA -DICIEMBRE  DEL 01/12/2021 - AL 15/12/2021,US Dollar,1,2021-12-01,"dic2021",0001#333169-10-12-2021,AFUERA COLON PJV,169-CERTIFICADO MEDICO,1,611101.01-1,22.88,0,ccc,...,,,
2,1RA QUINCENA -DICIEMBRE  DEL 01/12/2021 - AL 15/12/2021,US Dollar,1,2021-12-01,"dic2021",0001#333181-10-12-2021,AFUERA COLON PJV,181-VIATICOS DE ALIMENTACION,4,611101.18,154.60,0,ccc,...,,,
2,1RA QUINCENA -DICIEMBRE  DEL 01/12/2021 - AL 15/12/2021,US Dollar,1,2021-12-01,"dic2021",0001#333200-10-12-2021,AFUERA COLON PJV,200-SEGURO SOCIAL ( POR PAGAR TRABAJADOR),6,212502.01,0,216.07,ccc,...,,,
2,1RA QUINCENA -DICIEMBRE  DEL 01/12/2021 - AL 15/12/2021,US Dollar,1,2021-12-01,"dic2021",0001#333201-10-12-2021,AFUERA COLON PJV,201-SEGURO EDUCATIVO (POR PAGAR TRABAJADOR.),7,212502.02,0,27.71,ccc,...,,,
2,1RA QUINCENA -DICIEMBRE  DEL 01/12/2021 - AL 15/12/2021,US Dollar,1,2021-12-01,"dic2021",0001#333305-10-12-2021,AFUERA COLON PJV,305-Lentes (cada 2 años),33,611105.04,42.00,0,ccc,...,,,
,,,,,,,,Total Salarios Por Pagar,,,,2199.320000000001,,,,,
2,1RA QUINCENA -DICIEMBRE  DEL 01/12/2021 - AL 15/12/2021,US Dollar,1,2021-12-01,"dic2021",0001#333100-10-12-2021,AFUERA COLON PJV,100-SALARIO,1,611101.01-1,1541.88,0,ccc,...,,,
2,1RA QUINCENA -DICIEMBRE  DEL 01/12/2021 - AL 15/12/2021,US Dollar,1,2021-12-01,"dic2021",0001#333106-10-12-2021,AFUERA COLON PJV,106-HORA EXTRA DIURNA (1.25),2,611101.02-1,4.51,0,ccc,...,,,
2,1RA QUINCENA -DICIEMBRE  DEL 01/12/2021 - AL 15/12/2021,US Dollar,1,2021-12-01,"dic2021",0001#333111-10-12-2021,AFUERA COLON PJV,111-RECARGO DOMINGO,3,611101.03-1,22.88,0,ccc,...,,,
2,1RA QUINCENA -DICIEMBRE  DEL 01/12/2021 - AL 15/12/2021,US Dollar,1,2021-12-01,"dic2021",0001#333165-10-12-2021,AFUERA COLON PJV,165-DIA NACIONAL (MAN),3,611101.03-1,34.32,0,ccc,...,,,
2,1RA QUINCENA -DICIEMBRE  DEL 01/12/2021 - AL 15/12/2021,US Dollar,1,2021-12-01,"dic2021",0001#333181-10-12-2021,AFUERA COLON PJV,181-VIATICOS DE ALIMENTACION,4,611101.18,69.30,0,ccc,...,,,
2,1RA QUINCENA -DICIEMBRE  DEL 01/12/2021 - AL 15/12/2021,US Dollar,1,2021-12-01,"dic2021",0001#333200-10-12-2021,AFUERA COLON PJV,200-SEGURO SOCIAL ( POR PAGAR TRABAJADOR),6,212502.01,0,156.09,ccc,...,,,
2,1RA QUINCENA -DICIEMBRE  DEL 01/12/2021 - AL 15/12/2021,US Dollar,1,2021-12-01,"dic2021",0001#333201-10-12-2021,AFUERA COLON PJV,201-SEGURO EDUCATIVO (POR PAGAR TRABAJADOR.),7,212502.02,0,20.02,ccc,...,,,
,,,,,,,,Total Salarios Por Pagar,,,,1496.78,,,,,
2,1RA QUINCENA -DICIEMBRE  DEL 01/12/2021 - AL 15/12/2021,US Dollar,1,2021-12-01,"dic2021",0001#333100-10-12-2021,INTERIOR PANAMA PJV,100-SALARIO,1,611101.01-1,1194.44,0,ccc,...,,,
2,1RA QUINCENA -DICIEMBRE  DEL 01/12/2021 - AL 15/12/2021,US Dollar,1,2021-12-01,"dic2021",0001#333106-10-12-2021,INTERIOR PANAMA PJV,106-HORA EXTRA DIURNA (1.25),2,611101.02-1,25.39,0,ccc,...,,,
2,1RA QUINCENA -DICIEMBRE  DEL 01/12/2021 - AL 15/12/2021,US Dollar,1,2021-12-01,"dic2021",0001#333111-10-12-2021,INTERIOR PANAMA PJV,111-RECARGO DOMINGO,3,611101.03-1,11.44,0,ccc,...,,,
2,1RA QUINCENA -DICIEMBRE  DEL 01/12/2021 - AL 15/12/2021,US Dollar,1,2021-12-01,"dic2021",0001#333162-10-12-2021,INTERIOR PANAMA PJV,162-DOMINGO O L/SEMANAL (MAN),3,611101.03-1,11.44,0,ccc,...,,,
2,1RA QUINCENA -DICIEMBRE  DEL 01/12/2021 - AL 15/12/2021,US Dollar,1,2021-12-01,"dic2021",0001#333165-10-12-2021,INTERIOR PANAMA PJV,165-DIA NACIONAL (MAN),3,611101.03-1,34.32,0,ccc,...,,,
2,1RA QUINCENA -DICIEMBRE  DEL 01/12/2021 - AL 15/12/2021,US Dollar,1,2021-12-01,"dic2021",0001#333181-10-12-2021,INTERIOR PANAMA PJV,181-VIATICOS DE ALIMENTACION,4,611101.18,69.30,0,ccc,...,,,
2,1RA QUINCENA -DICIEMBRE  DEL 01/12/2021 - AL 15/12/2021,US Dollar,1,2021-12-01,"dic2021",0001#333182-10-12-2021,INTERIOR PANAMA PJV,182-HORA EXTRA MIXTA NAL. (MAN),2,611101.02-1,24.52,0,ccc,...,,,
2,1RA QUINCENA -DICIEMBRE  DEL 01/12/2021 - AL 15/12/2021,US Dollar,1,2021-12-01,"dic2021",0001#333200-10-12-2021,INTERIOR PANAMA PJV,200-SEGURO SOCIAL ( POR PAGAR TRABAJADOR),6,212502.01,0,126.91,ccc,...,,,
2,1RA QUINCENA -DICIEMBRE  DEL 01/12/2021 - AL 15/12/2021,US Dollar,1,2021-12-01,"dic2021",0001#333201-10-12-2021,INTERIOR PANAMA PJV,201-SEGURO EDUCATIVO (POR PAGAR TRABAJADOR.),7,212502.02,0,16.27,ccc,...,,,
2,1RA QUINCENA -DICIEMBRE  DEL 01/12/2021 - AL 15/12/2021,US Dollar,1,2021-12-01,"dic2021",0001#333525-10-12-2021,INTERIOR PANAMA PJV,525-Progreso,9,212503.01,0,11.05,ccc,...,,,
,,,,,,,,Total Salarios Por Pagar,,,,1216.62,,,,,
2,1RA QUINCENA -DICIEMBRE  DEL 01/12/2021 - AL 15/12/2021,US Dollar,1,2021-12-01,"dic2021",0001#333100-10-12-2021,INTERIOR PANAMA PJV,100-SALARIO,1,611101.01-1,887,0,ccc,...,,,
2,1RA QUINCENA -DICIEMBRE  DEL 01/12/2021 - AL 15/12/2021,US Dollar,1,2021-12-01,"dic2021",0001#333111-10-12-2021,INTERIOR PANAMA PJV,111-RECARGO DOMINGO,3,611101.03-1,22.88,0,ccc,...,,,
2,1RA QUINCENA -DICIEMBRE  DEL 01/12/2021 - AL 15/12/2021,US Dollar,1,2021-12-01,"dic2021",0001#333159-10-12-2021,INTERIOR PANAMA PJV,159-EXTRA  MIXTA DIURNA (MAN),2,611101.02-1,3.22,0,ccc,...,,,
2,1RA QUINCENA -DICIEMBRE  DEL 01/12/2021 - AL 15/12/2021,US Dollar,1,2021-12-01,"dic2021",0001#333165-10-12-2021,INTERIOR PANAMA PJV,165-DIA NACIONAL (MAN),3,611101.03-1,34.32,0,ccc,...,,,
2,1RA QUINCENA -DICIEMBRE  DEL 01/12/2021 - AL 15/12/2021,US Dollar,1,2021-12-01,"dic2021",0001#333181-10-12-2021,INTERIOR PANAMA PJV,181-VIATICOS DE ALIMENTACION,4,611101.18,69.30,0,ccc,...,,,
2,1RA QUINCENA -DICIEMBRE  DEL 01/12/2021 - AL 15/12/2021,US Dollar,1,2021-12-01,"dic2021",0001#333200-10-12-2021,INTERIOR PANAMA PJV,200-SEGURO SOCIAL ( POR PAGAR TRABAJADOR),6,212502.01,0,92.38,ccc,...,,,
2,1RA QUINCENA -DICIEMBRE  DEL 01/12/2021 - AL 15/12/2021,US Dollar,1,2021-12-01,"dic2021",0001#333201-10-12-2021,INTERIOR PANAMA PJV,201-SEGURO EDUCATIVO (POR PAGAR TRABAJADOR.),7,212502.02,0,11.84,ccc,...,,,
,,,,,,,,Total Salarios Por Pagar,,,,912.5,,,,,
2,1RA QUINCENA -DICIEMBRE  DEL 01/12/2021 - AL 15/12/2021,US Dollar,1,2021-12-01,"dic2021",0001#333100-10-12-2021,NUEVO GRUPO PJV,100-SALARIO,1,611101.01-1,1179.44,0,ccc,...,,,
2,1RA QUINCENA -DICIEMBRE  DEL 01/12/2021 - AL 15/12/2021,US Dollar,1,2021-12-01,"dic2021",0001#333106-10-12-2021,NUEVO GRUPO PJV,106-HORA EXTRA DIURNA (1.25),2,611101.02-1,2.68,0,ccc,...,,,
2,1RA QUINCENA -DICIEMBRE  DEL 01/12/2021 - AL 15/12/2021,US Dollar,1,2021-12-01,"dic2021",0001#333162-10-12-2021,NUEVO GRUPO PJV,162-DOMINGO O L/SEMANAL (MAN),3,611101.03-1,11.44,0,ccc,...,,,
2,1RA QUINCENA -DICIEMBRE  DEL 01/12/2021 - AL 15/12/2021,US Dollar,1,2021-12-01,"dic2021",0001#333165-10-12-2021,NUEVO GRUPO PJV,165-DIA NACIONAL (MAN),3,611101.03-1,34.32,0,ccc,...,,,
2,1RA QUINCENA -DICIEMBRE  DEL 01/12/2021 - AL 15/12/2021,US Dollar,1,2021-12-01,"dic2021",0001#333178-10-12-2021,NUEVO GRUPO PJV,178-AJUSTE X REEMPLAZO,1,611101.01-1,30.00,0,ccc,...,,,
2,1RA QUINCENA -DICIEMBRE  DEL 01/12/2021 - AL 15/12/2021,US Dollar,1,2021-12-01,"dic2021",0001#333181-10-12-2021,NUEVO GRUPO PJV,181-VIATICOS DE ALIMENTACION,4,611101.18,65.40,0,ccc,...,,,
2,1RA QUINCENA -DICIEMBRE  DEL 01/12/2021 - AL 15/12/2021,US Dollar,1,2021-12-01,"dic2021",0001#333200-10-12-2021,NUEVO GRUPO PJV,200-SEGURO SOCIAL ( POR PAGAR TRABAJADOR),6,212502.01,0,122.44,ccc,...,,,
2,1RA QUINCENA -DICIEMBRE  DEL 01/12/2021 - AL 15/12/2021,US Dollar,1,2021-12-01,"dic2021",0001#333201-10-12-2021,NUEVO GRUPO PJV,201-SEGURO EDUCATIVO (POR PAGAR TRABAJADOR.),7,212502.02,0,15.70,ccc,...,,,
,,,,,,,,Total Salarios Por Pagar,,,,1185.14,,,,,
2,1RA QUINCENA -DICIEMBRE  DEL 01/12/2021 - AL 15/12/2021,US Dollar,1,2021-12-01,"dic2021",0001#333100-10-12-2021,NUEVO GRUPO PJV,100-SALARIO,1,611101.01-1,882,0,ccc,...,,,
2,1RA QUINCENA -DICIEMBRE  DEL 01/12/2021 - AL 15/12/2021,US Dollar,1,2021-12-01,"dic2021",0001#333106-10-12-2021,NUEVO GRUPO PJV,106-HORA EXTRA DIURNA (1.25),2,611101.02-1,16.77,0,ccc,...,,,
2,1RA QUINCENA -DICIEMBRE  DEL 01/12/2021 - AL 15/12/2021,US Dollar,1,2021-12-01,"dic2021",0001#333111-10-12-2021,NUEVO GRUPO PJV,111-RECARGO DOMINGO,3,611101.03-1,22.88,0,ccc,...,,,
2,1RA QUINCENA -DICIEMBRE  DEL 01/12/2021 - AL 15/12/2021,US Dollar,1,2021-12-01,"dic2021",0001#333165-10-12-2021,NUEVO GRUPO PJV,165-DIA NACIONAL (MAN),3,611101.03-1,34.32,0,ccc,...,,,
2,1RA QUINCENA -DICIEMBRE  DEL 01/12/2021 - AL 15/12/2021,US Dollar,1,2021-12-01,"dic2021",0001#333181-10-12-2021,NUEVO GRUPO PJV,181-VIATICOS DE ALIMENTACION,4,611101.18,69.30,0,ccc,...,,,
2,1RA QUINCENA -DICIEMBRE  DEL 01/12/2021 - AL 15/12/2021,US Dollar,1,2021-12-01,"dic2021",0001#333200-10-12-2021,NUEVO GRUPO PJV,200-SEGURO SOCIAL ( POR PAGAR TRABAJADOR),6,212502.01,0,93.15,ccc,...,,,
2,1RA QUINCENA -DICIEMBRE  DEL 01/12/2021 - AL 15/12/2021,US Dollar,1,2021-12-01,"dic2021",0001#333201-10-12-2021,NUEVO GRUPO PJV,201-SEGURO EDUCATIVO (POR PAGAR TRABAJADOR.),7,212502.02,0,11.94,ccc,...,,,
2,1RA QUINCENA -DICIEMBRE  DEL 01/12/2021 - AL 15/12/2021,US Dollar,1,2021-12-01,"dic2021",0001#333503-10-12-2021,NUEVO GRUPO PJV,503-Banco Nacional de Panamá  (HIPOTECA),9,212503.01,0,41.58,ccc,...,,,
2,1RA QUINCENA -DICIEMBRE  DEL 01/12/2021 - AL 15/12/2021,US Dollar,1,2021-12-01,"dic2021",0001#333520-10-12-2021,NUEVO GRUPO PJV,520-MultiBank, Inc.,9,212503.01,0,45.42,ccc,...,,,
,,,,,,,,Total Salarios Por Pagar,,,,833.1799999999999,,,,,
2,1RA QUINCENA -DICIEMBRE  DEL 01/12/2021 - AL 15/12/2021,US Dollar,1,2021-12-01,"dic2021",0001#333100-10-12-2021,ESTE PANAMA PJV,100-SALARIO,1,611101.01-1,958.4399999999999,0,ccc,...,,,
2,1RA QUINCENA -DICIEMBRE  DEL 01/12/2021 - AL 15/12/2021,US Dollar,1,2021-12-01,"dic2021",0001#333106-10-12-2021,ESTE PANAMA PJV,106-HORA EXTRA DIURNA (1.25),2,611101.02-1,47.33,0,ccc,...,,,
2,1RA QUINCENA -DICIEMBRE  DEL 01/12/2021 - AL 15/12/2021,US Dollar,1,2021-12-01,"dic2021",0001#333111-10-12-2021,ESTE PANAMA PJV,111-RECARGO DOMINGO,3,611101.03-1,11.44,0,ccc,...,,,
2,1RA QUINCENA -DICIEMBRE  DEL 01/12/2021 - AL 15/12/2021,US Dollar,1,2021-12-01,"dic2021",0001#333162-10-12-2021,ESTE PANAMA PJV,162-DOMINGO O L/SEMANAL (MAN),3,611101.03-1,11.44,0,ccc,...,,,
2,1RA QUINCENA -DICIEMBRE  DEL 01/12/2021 - AL 15/12/2021,US Dollar,1,2021-12-01,"dic2021",0001#333165-10-12-2021,ESTE PANAMA PJV,165-DIA NACIONAL (MAN),3,611101.03-1,34.32,0,ccc,...,,,
2,1RA QUINCENA -DICIEMBRE  DEL 01/12/2021 - AL 15/12/2021,US Dollar,1,2021-12-01,"dic2021",0001#333181-10-12-2021,ESTE PANAMA PJV,181-VIATICOS DE ALIMENTACION,4,611101.18,69.30,0,ccc,...,,,
2,1RA QUINCENA -DICIEMBRE  DEL 01/12/2021 - AL 15/12/2021,US Dollar,1,2021-12-01,"dic2021",0001#333200-10-12-2021,ESTE PANAMA PJV,200-SEGURO SOCIAL ( POR PAGAR TRABAJADOR),6,212502.01,0,101.13,ccc,...,,,
2,1RA QUINCENA -DICIEMBRE  DEL 01/12/2021 - AL 15/12/2021,US Dollar,1,2021-12-01,"dic2021",0001#333201-10-12-2021,ESTE PANAMA PJV,201-SEGURO EDUCATIVO (POR PAGAR TRABAJADOR.),7,212502.02,0,12.97,ccc,...,,,
,,,,,,,,Total Salarios Por Pagar,,,,1018.17,,,,,
2,1RA QUINCENA -DICIEMBRE  DEL 01/12/2021 - AL 15/12/2021,US Dollar,1,2021-12-01,"dic2021",0001#333100-10-12-2021,NUEVO GRUPO PJV,100-SALARIO,1,611101.01-1,930.14,0,ccc,...,,,
2,1RA QUINCENA -DICIEMBRE  DEL 01/12/2021 - AL 15/12/2021,US Dollar,1,2021-12-01,"dic2021",0001#333106-10-12-2021,NUEVO GRUPO PJV,106-HORA EXTRA DIURNA (1.25),2,611101.02-1,10.12,0,ccc,...,,,
2,1RA QUINCENA -DICIEMBRE  DEL 01/12/2021 - AL 15/12/2021,US Dollar,1,2021-12-01,"dic2021",0001#333111-10-12-2021,NUEVO GRUPO PJV,111-RECARGO DOMINGO,3,611101.03-1,11.44,0,ccc,...,,,
2,1RA QUINCENA -DICIEMBRE  DEL 01/12/2021 - AL 15/12/2021,US Dollar,1,2021-12-01,"dic2021",0001#333181-10-12-2021,NUEVO GRUPO PJV,181-VIATICOS DE ALIMENTACION,4,611101.18,58.90,0,ccc,...,,,
2,1RA QUINCENA -DICIEMBRE  DEL 01/12/2021 - AL 15/12/2021,US Dollar,1,2021-12-01,"dic2021",0001#333200-10-12-2021,NUEVO GRUPO PJV,200-SEGURO SOCIAL ( POR PAGAR TRABAJADOR),6,212502.01,0,92.79,ccc,...,,,
2,1RA QUINCENA -DICIEMBRE  DEL 01/12/2021 - AL 15/12/2021,US Dollar,1,2021-12-01,"dic2021",0001#333201-10-12-2021,NUEVO GRUPO PJV,201-SEGURO EDUCATIVO (POR PAGAR TRABAJADOR.),7,212502.02,0,11.91,ccc,...,,,
,,,,,,,,Total Salarios Por Pagar,,,,905.9,,,,,
