frecuencia;id_externo;moneda;tipo_cambio;fecha;fecha_contable;nota;subsidiaria;nota_linea;id_cuenta_contable;numero_cuenta_contable;debito;credito;external_id_tercero;nombre_tercero;clase;departamento;ubicacion_centro_costo
2;1RA QUINCENA - ENERO DEL 01/01/2022 - AL 15/01/2022;US Dollar;1;2022-01-01;"ene2022";0001#333100-08-01-2022;HOLDING PJV;100-SALARIO;1;611101.01-1;19694.16;0;;;;;
2;1RA QUINCENA - ENERO DEL 01/01/2022 - AL 15/01/2022;US Dollar;1;2022-01-01;"ene2022";0001#333106-08-01-2022;HOLDING PJV;106-HORA EXTRA DIURNA (1.25);2;611101.02-1;469.45;0;;;;;
8;Vacaciones -ENERO DEL 01/01/2022 AL 30/01/2022;US Dollar;1;2022-01-01;"ene2022";0001#333114-01-01-2022;HOLDING PJV;114-VACACIONES;22;212502.05;2290.00;0;;;;;
2;1RA QUINCENA - ENERO DEL 01/01/2022 - AL 15/01/2022;US Dollar;1;2022-01-01;"ene2022";0001#333123-08-01-2022;HOLDING PJV;123-HORA EXTRAS MIXTA DIURNA(1.50);2;611101.02-1;113.51;0;;;;;
2;REGULAR - 1RA QUINCENA - DEL 01/01/2022 - AL 15/01/2022;US Dollar;1;0000-00-00;"0000";0001#333124-15-01-2022;HOLDING PJV;124-HORA EXTRA MIXTO DIURNA RECARGO (50/75);2;611101.02-1;1.01;0;;;;;
2;1RA QUINCENA - ENERO DEL 01/01/2022 - AL 15/01/2022;US Dollar;1;2022-01-01;"ene2022";0001#333145-08-01-2022;HOLDING PJV;145-GASTOS DE REPRESENTACION;5;611101.20;500.00;0;;;;;
2;1RA QUINCENA - ENERO DEL 01/01/2022 - AL 15/01/2022;US Dollar;1;2022-01-01;"ene2022";0001#333176-08-01-2022;HOLDING PJV;176-VIATICOS;4;611101.18;590.00;0;;;;;
2;1RA QUINCENA - ENERO DEL 01/01/2022 - AL 15/01/2022;US Dollar;1;2022-01-01;"ene2022";0001#333181-08-01-2022;HOLDING PJV;181-VIATICOS DE ALIMENTACION;4;611101.18;70.00;0;;;;;
8;Vacaciones -ENERO DEL 01/01/2022 AL 30/01/2022;US Dollar;1;2022-01-01;"ene2022";0001#333200-01-01-2022;HOLDING PJV;200-SEGURO SOCIAL ( POR PAGAR TRABAJADOR);6;212502.01;0;2241.06;;;;;
8;Vacaciones -ENERO DEL 01/01/2022 AL 30/01/2022;US Dollar;1;2022-01-01;"ene2022";0001#333201-01-01-2022;HOLDING PJV;201-SEGURO EDUCATIVO (POR PAGAR TRABAJADOR.);7;212502.02;0;277.05;;;;;
2;1RA QUINCENA - ENERO DEL 01/01/2022 - AL 15/01/2022;US Dollar;1;2022-01-01;"ene2022";0001#333202-08-01-2022;HOLDING PJV;202-IMPUESTO SOBRE LA RENTA (POR PAGAR TRABAJADOR.);8;212502.04;0;724.65;;;;;
2;1RA QUINCENA - ENERO DEL 01/01/2022 - AL 15/01/2022;US Dollar;1;2022-01-01;"ene2022";0001#333208-08-01-2022;HOLDING PJV;208-IMPUESTO SOBRE LA RENTA (POR PAGAR TRABAJADOR) GR;8;212502.04;0;25.00;;;;;
2;1RA QUINCENA - ENERO DEL 01/01/2022 - AL 15/01/2022;US Dollar;1;2022-01-01;"ene2022";0001#333502-08-01-2022;HOLDING PJV;502-Banco La Hipotecaria, S. A.;9;212503.01;0;52.00;;;;;
2;1RA QUINCENA - ENERO DEL 01/01/2022 - AL 15/01/2022;US Dollar;1;2022-01-01;"ene2022";0001#333508-08-01-2022;HOLDING PJV;508-Credicorp Bank;9;212503.01;0;54.00;;;;;
2;1RA QUINCENA - ENERO DEL 01/01/2022 - AL 15/01/2022;US Dollar;1;2022-01-01;"ene2022";0001#333510-08-01-2022;HOLDING PJV;510-Financiera Cash Solution;9;212503.01;0;79.80;;;;;
2;1RA QUINCENA - ENERO DEL 01/01/2022 - AL 15/01/2022;US Dollar;1;2022-01-01;"ene2022";0001#333512-08-01-2022;HOLDING PJV;512-Financiera El Sol;9;212503.01;0;12.00;;;;;
2;1RA QUINCENA - ENERO DEL 01/01/2022 - AL 15/01/2022;US Dollar;1;2022-01-01;"ene2022";0001#333525-08-01-2022;HOLDING PJV;525-Progreso;9;212503.01;0;40.00;;;;;
2;1RA QUINCENA - ENERO DEL 01/01/2022 - AL 15/01/2022;US Dollar;1;2022-01-01;"ene2022";0001#333528-08-01-2022;HOLDING PJV;528-Cuentas X Cobrar (Compra);14;112701;0;125.25;;;;;
2;1RA QUINCENA - ENERO DEL 01/01/2022 - AL 15/01/2022;US Dollar;1;2022-01-01;"ene2022";0001#333530-08-01-2022;HOLDING PJV;530-Cuentas X Cobrar (Pr�stamo);14;112701;0;60.00;;;;;
2;1RA QUINCENA - ENERO DEL 01/01/2022 - AL 15/01/2022;US Dollar;1;2022-01-01;"ene2022";0001#333531-08-01-2022;HOLDING PJV;531-Cuentas X Cobrar (varios);14;112701;0;146.75;;;;;
2;1RA QUINCENA - ENERO DEL 01/01/2022 - AL 15/01/2022;US Dollar;1;2022-01-01;"ene2022";0001#333539-08-01-2022;HOLDING PJV;539-CUENTAS POR COBRAR (JOAO VIEIRA);39;112604;0;300.00;;;;;
2;1RA QUINCENA - ENERO DEL 01/01/2022 - AL 15/01/2022;US Dollar;1;2022-01-01;"ene2022";0001#333540-08-01-2022;HOLDING PJV;540-Bac International Bank;9;212503.01;0;89.90;;;;;
8;Vacaciones -ENERO DEL 01/01/2022 AL 30/01/2022;US Dollar;1;2022-01-01;"ene2022";0001#333590-01-01-2022;HOLDING PJV;590-AHORROS  BANCO GENERAL;9;212503.01;0;376.00;;;;;
8;Vacaciones -ENERO DEL 01/01/2022 AL 30/01/2022;US Dollar;1;2022-01-01;"ene2022";0001#3333000-01-01-2022;HOLDING PJV;3000-Patronal C.S.S.  (GASTO );36;611101.10-1;1848.64;0.00;;;;;
8;Vacaciones -ENERO DEL 01/01/2022 AL 30/01/2022;US Dollar;1;2022-01-01;"ene2022";0001#3333000-01-01-2022;HOLDING PJV;3000-Patronal C.S.S.  (GASTO ) Por Pagar;103;21220201;0.00;1848.64;;;;;
8;Vacaciones -ENERO DEL 01/01/2022 AL 30/01/2022;US Dollar;1;2022-01-01;"ene2022";0001#3333001-01-01-2022;HOLDING PJV;3001-Patronal  S.E    (GASTO );37;611101.11-1;222.63;0.00;;;;;
8;Vacaciones -ENERO DEL 01/01/2022 AL 30/01/2022;US Dollar;1;2022-01-01;"ene2022";0001#3333001-01-01-2022;HOLDING PJV;3001-Patronal  S.E    (GASTO ) Por Pagar;104;21220202;0.00;222.63;;;;;
8;Vacaciones -ENERO DEL 01/01/2022 AL 30/01/2022;US Dollar;1;2022-01-01;"ene2022";0001#3339005-01-01-2022;HOLDING PJV;9005-Prima de Antiguedad Reserva  (GASTO );42;611101.06-1;290.19;0.00;;;;;
8;Vacaciones -ENERO DEL 01/01/2022 AL 30/01/2022;US Dollar;1;2022-01-01;"ene2022";0001#3339005-01-01-2022;HOLDING PJV;9005-Prima de Antiguedad Reserva  (GASTO ) Por Pagar;153;22000101;0.00;290.19;;;;;
8;Vacaciones -ENERO DEL 01/01/2022 AL 30/01/2022;US Dollar;1;2022-01-01;"ene2022";0001#3339006-01-01-2022;HOLDING PJV;9006-Indemnización Reserva  (GASTO );43;611101.07-1;49.38;0.00;;;;;
8;Vacaciones -ENERO DEL 01/01/2022 AL 30/01/2022;US Dollar;1;2022-01-01;"ene2022";0001#3339006-01-01-2022;HOLDING PJV;9006-Indemnización Reserva  (GASTO ) Por Pagar;154;22000102;0.00;49.38;;;;;
8;Vacaciones -ENERO DEL 01/01/2022 AL 30/01/2022;US Dollar;1;2022-01-01;"ene2022";0001#3339007-01-01-2022;HOLDING PJV;9007-XIII Mes Reserva     (GASTO );41;611101.05-1;1257.08;0.00;;;;;
8;Vacaciones -ENERO DEL 01/01/2022 AL 30/01/2022;US Dollar;1;2022-01-01;"ene2022";0001#3339007-01-01-2022;HOLDING PJV;9007-XIII Mes Reserva     (GASTO ) Por Pagar;108;21220206;0.00;1257.08;;;;;
2;1RA QUINCENA - ENERO DEL 01/01/2022 - AL 15/01/2022;US Dollar;1;2022-01-01;"ene2022";0001#3339008-08-01-2022;HOLDING PJV;9008-Vacaciones  Reserva    (GASTO );40;611101.04-1;1163.60;0.00;;;;;
2;1RA QUINCENA - ENERO DEL 01/01/2022 - AL 15/01/2022;US Dollar;1;2022-01-01;"ene2022";0001#3339008-08-01-2022;HOLDING PJV;9008-Vacaciones  Reserva    (GASTO ) Por Pagar;107;21220205;0.00;1163.60;;;;;
8;Vacaciones -ENERO DEL 01/01/2022 AL 30/01/2022;US Dollar;1;2022-01-01;"ene2022";0001#3339009-01-01-2022;HOLDING PJV;9009-Riesgo Profesional    (GASTO );38;611101.12-1;147.88;0.00;;;;;
8;Vacaciones -ENERO DEL 01/01/2022 AL 30/01/2022;US Dollar;1;2022-01-01;"ene2022";0001#3339009-01-01-2022;HOLDING PJV;9009-Riesgo Profesional    (GASTO ) Por Pagar;105;21220203;0.00;147.88;;;;;
2;1RA QUINCENA - ENERO DEL 01/01/2022 - AL 15/01/2022;US Dollar;1;2022-01-01;"ene2022";0001#333100-08-01-2022;METRO PANAMA PJV;100-SALARIO;1;611101.01-1;68355.58;0;;;;;
2;1RA QUINCENA - ENERO DEL 01/01/2022 - AL 15/01/2022;US Dollar;1;2022-01-01;"ene2022";0001#333103-08-01-2022;CENTRO PANAMA PJV;103-HORAS PENDIENTES (MAN);1;611101.01-1;91.52;0;;;;;
2;1RA QUINCENA - ENERO DEL 01/01/2022 - AL 15/01/2022;US Dollar;1;2022-01-01;"ene2022";0001#333106-08-01-2022;ESTE PANAMA PJV;106-HORA EXTRA DIURNA (1.25);2;611101.02-1;346.77;0;;;;;
2;REGULAR - 1RA QUINCENA - DEL 01/01/2022 - AL 15/01/2022;US Dollar;1;0000-00-00;"0000";0001#333107-15-01-2022;ESTE PANAMA PJV;107-EXTRA  MIXTA (1.50);2;611101.02-1;1.14;0;;;;;
2;1RA QUINCENA - ENERO DEL 01/01/2022 - AL 15/01/2022;US Dollar;1;2022-01-01;"ene2022";0001#333111-08-01-2022;NORTE PANAMA PJV;111-RECARGO DOMINGO;3;611101.03-1;1704.48;0;;;;;
8;Vacaciones -ENERO DEL 01/01/2022 AL 30/01/2022;US Dollar;1;2022-01-01;"ene2022";0001#333114-01-01-2022;ESTE PANAMA PJV;114-VACACIONES;22;212502.05;2919.76;0;;;;;
2;1RA QUINCENA - ENERO DEL 01/01/2022 - AL 15/01/2022;US Dollar;1;2022-01-01;"ene2022";0001#333122-08-01-2022;ESTE PANAMA PJV;122-DIA NACIONAL;1;611101.01-1;1211.07;0;;;;;
2;1RA QUINCENA - ENERO DEL 01/01/2022 - AL 15/01/2022;US Dollar;1;2022-01-01;"ene2022";0001#333123-08-01-2022;NORTE PANAMA PJV;123-HORA EXTRAS MIXTA DIURNA(1.50);2;611101.02-1;284.10;0;;;;;
2;1RA QUINCENA - ENERO DEL 01/01/2022 - AL 15/01/2022;US Dollar;1;2022-01-01;"ene2022";0001#333124-08-01-2022;METRO PANAMA PJV;124-HORA EXTRA MIXTO DIURNA RECARGO (50/75);2;611101.02-1;412.81;0;;;;;
2;1RA QUINCENA - ENERO DEL 01/01/2022 - AL 15/01/2022;US Dollar;1;2022-01-01;"ene2022";0001#333128-08-01-2022;CENTRO PANAMA PJV;128-HORA EXTRA MIXTO DIURNO DOMINGO (50/50);2;611101.02-1;55.13;0;;;;;
2;1RA QUINCENA - ENERO DEL 01/01/2022 - AL 15/01/2022;US Dollar;1;2022-01-01;"ene2022";0001#333146-08-01-2022;CENTRO PANAMA PJV;146-HORA EXTRA MIXTO NOCTURNA (75)  (MAN);2;611101.02-1;112.59;0;;;;;
2;1RA QUINCENA - ENERO DEL 01/01/2022 - AL 15/01/2022;US Dollar;1;2022-01-01;"ene2022";0001#333158-08-01-2022;ESTE PANAMA PJV;158-HORA EXTRA DIURNA (MAN);2;611101.02-1;10.73;0;;;;;
2;1RA QUINCENA - ENERO DEL 01/01/2022 - AL 15/01/2022;US Dollar;1;2022-01-01;"ene2022";0001#333159-08-01-2022;ESTE PANAMA PJV;159-EXTRA  MIXTA DIURNA (MAN);2;611101.02-1;2.15;0;;;;;
2;1RA QUINCENA - ENERO DEL 01/01/2022 - AL 15/01/2022;US Dollar;1;2022-01-01;"ene2022";0001#333162-08-01-2022;ESTE PANAMA PJV;162-DOMINGO O L/SEMANAL (MAN);3;611101.03-1;50.06;0;;;;;
2;1RA QUINCENA - ENERO DEL 01/01/2022 - AL 15/01/2022;US Dollar;1;2022-01-01;"ene2022";0001#333163-08-01-2022;NORTE PANAMA PJV;163-HORA EXTRA DOMINGO DIURNA (MAN);2;611101.02-1;3.75;0;;;;;
2;1RA QUINCENA - ENERO DEL 01/01/2022 - AL 15/01/2022;US Dollar;1;2022-01-01;"ene2022";0001#333164-08-01-2022;CENTRO PANAMA PJV;164-HORA EXTRA DOMINGO NOCT (MAN);2;611101.02-1;18.22;0;;;;;
2;1RA QUINCENA - ENERO DEL 01/01/2022 - AL 15/01/2022;US Dollar;1;2022-01-01;"ene2022";0001#333165-08-01-2022;CENTRO PANAMA PJV;165-DIA NACIONAL (MAN);3;611101.03-1;461.19;0;;;;;
2;1RA QUINCENA - ENERO DEL 01/01/2022 - AL 15/01/2022;US Dollar;1;2022-01-01;"ene2022";0001#333169-08-01-2022;ESTE PANAMA PJV;169-CERTIFICADO MEDICO;1;611101.01-1;938.16;0;;;;;
2;1RA QUINCENA - ENERO DEL 01/01/2022 - AL 15/01/2022;US Dollar;1;2022-01-01;"ene2022";0001#333176-08-01-2022;METRO PANAMA PJV;176-VIATICOS;4;611101.18;100.00;0;;;;;
2;1RA QUINCENA - ENERO DEL 01/01/2022 - AL 15/01/2022;US Dollar;1;2022-01-01;"ene2022";0001#333178-08-01-2022;ESTE PANAMA PJV;178-AJUSTE X REEMPLAZO;1;611101.01-1;164.10;0;;;;;
2;1RA QUINCENA - ENERO DEL 01/01/2022 - AL 15/01/2022;US Dollar;1;2022-01-01;"ene2022";0001#333181-08-01-2022;METRO PANAMA PJV;181-VIATICOS DE ALIMENTACION;4;611101.18;1675.40;0;;;;;
2;1RA QUINCENA - ENERO DEL 01/01/2022 - AL 15/01/2022;US Dollar;1;2022-01-01;"ene2022";0001#333182-08-01-2022;CENTRO PANAMA PJV;182-HORA EXTRA MIXTA NAL. (MAN);2;611101.02-1;52.75;0;;;;;
2;1RA QUINCENA - ENERO DEL 01/01/2022 - AL 15/01/2022;US Dollar;1;2022-01-01;"ene2022";0001#333183-08-01-2022;ESTE PANAMA PJV;183-NO COMP. L/LABORADO;3;611101.03-1;70.09;0;;;;;
2;1RA QUINCENA - ENERO DEL 01/01/2022 - AL 15/01/2022;US Dollar;1;2022-01-01;"ene2022";0001#333186-08-01-2022;METRO PANAMA PJV;186-NO COMP. NAC/LABORADO;3;611101.03-1;34.32;0;;;;;
8;Vacaciones -ENERO DEL 01/01/2022 AL 30/01/2022;US Dollar;1;2022-01-01;"ene2022";0001#333200-01-01-2022;ESTE PANAMA PJV;200-SEGURO SOCIAL ( POR PAGAR TRABAJADOR);6;212502.01;0;7315.61;;;;;
8;Vacaciones -ENERO DEL 01/01/2022 AL 30/01/2022;US Dollar;1;2022-01-01;"ene2022";0001#333201-01-01-2022;ESTE PANAMA PJV;201-SEGURO EDUCATIVO (POR PAGAR TRABAJADOR.);7;212502.02;0;920.22;;;;;
8;Vacaciones -ENERO DEL 01/01/2022 AL 30/01/2022;US Dollar;1;2022-01-01;"ene2022";0001#333202-01-01-2022;ESTE PANAMA PJV;202-IMPUESTO SOBRE LA RENTA (POR PAGAR TRABAJADOR.);8;212502.04;0;20.08;;;;;
2;1RA QUINCENA - ENERO DEL 01/01/2022 - AL 15/01/2022;US Dollar;1;2022-01-01;"ene2022";0001#333501-08-01-2022;METRO PANAMA PJV;501-Banco General;9;212503.01;0;337.92;;;;;
2;1RA QUINCENA - ENERO DEL 01/01/2022 - AL 15/01/2022;US Dollar;1;2022-01-01;"ene2022";0001#333502-08-01-2022;CENTRO PANAMA PJV;502-Banco La Hipotecaria, S. A.;9;212503.01;0;244.00;;;;;
2;1RA QUINCENA - ENERO DEL 01/01/2022 - AL 15/01/2022;US Dollar;1;2022-01-01;"ene2022";0001#333503-08-01-2022;NORTE PANAMA PJV;503-Banco Nacional de Panamá  (HIPOTECA);9;212503.01;0;204.16;;;;;
2;1RA QUINCENA - ENERO DEL 01/01/2022 - AL 15/01/2022;US Dollar;1;2022-01-01;"ene2022";0001#333504-08-01-2022;CENTRO PANAMA PJV;504-Banesco;9;212503.01;0;65.75;;;;;
2;1RA QUINCENA - ENERO DEL 01/01/2022 - AL 15/01/2022;US Dollar;1;2022-01-01;"ene2022";0001#333505-08-01-2022;AFUERA COLON PJV;505-Banistmo, S.A.;9;212503.01;0;797.62;;;;;
8;Vacaciones -ENERO DEL 01/01/2022 AL 30/01/2022;US Dollar;1;2022-01-01;"ene2022";0001#333506-01-01-2022;ESTE PANAMA PJV;506-Caja de Ahorros;9;212503.01;0;621.75;;;;;
2;1RA QUINCENA - ENERO DEL 01/01/2022 - AL 15/01/2022;US Dollar;1;2022-01-01;"ene2022";0001#333507-08-01-2022;METRO PANAMA PJV;507-Casa Cosmoss;9;212503.01;0;66.00;;;;;
2;1RA QUINCENA - ENERO DEL 01/01/2022 - AL 15/01/2022;US Dollar;1;2022-01-01;"ene2022";0001#333510-08-01-2022;NORTE PANAMA PJV;510-Financiera Cash Solution;9;212503.01;0;86.95;;;;;
8;Vacaciones -ENERO DEL 01/01/2022 AL 30/01/2022;US Dollar;1;2022-01-01;"ene2022";0001#333511-01-01-2022;CENTRO PANAMA PJV;511-Financiera El Salvador;9;212503.01;0;42.16;;;;;
8;Vacaciones -ENERO DEL 01/01/2022 AL 30/01/2022;US Dollar;1;2022-01-01;"ene2022";0001#333512-01-01-2022;AFUERA COLON PJV;512-Financiera El Sol;9;212503.01;0;504.35;;;;;
2;1RA QUINCENA - ENERO DEL 01/01/2022 - AL 15/01/2022;US Dollar;1;2022-01-01;"ene2022";0001#333513-08-01-2022;NORTE PANAMA PJV;513-FINANCIERA LA ALEMANA;9;212503.01;0;113.30;;;;;
2;1RA QUINCENA - ENERO DEL 01/01/2022 - AL 15/01/2022;US Dollar;1;2022-01-01;"ene2022";0001#333514-08-01-2022;NUEVO GRUPO PJV;514-Financiera Mundial Int;9;212503.01;0;26.82;;;;;
2;1RA QUINCENA - ENERO DEL 01/01/2022 - AL 15/01/2022;US Dollar;1;2022-01-01;"ene2022";0001#333516-08-01-2022;CENTRO PANAMA PJV;516-Financomer, S. A.;9;212503.01;0;164.99;;;;;
2;1RA QUINCENA - ENERO DEL 01/01/2022 - AL 15/01/2022;US Dollar;1;2022-01-01;"ene2022";0001#333518-08-01-2022;METRO PANAMA PJV;518-GLOBAL  BANK  CORP.;9;212503.01;0;173.94;;;;;
2;1RA QUINCENA - ENERO DEL 01/01/2022 - AL 15/01/2022;US Dollar;1;2022-01-01;"ene2022";0001#333520-08-01-2022;NUEVO GRUPO PJV;520-MultiBank, Inc.;9;212503.01;0;45.42;;;;;
8;Vacaciones -ENERO DEL 01/01/2022 AL 30/01/2022;US Dollar;1;2022-01-01;"ene2022";0001#333522-01-01-2022;CENTRO PANAMA PJV;522-Powertronic Corporation;9;212503.01;0;64.06;;;;;
2;1RA QUINCENA - ENERO DEL 01/01/2022 - AL 15/01/2022;US Dollar;1;2022-01-01;"ene2022";0001#333524-08-01-2022;NORTE PANAMA PJV;524-Privivienda, S. A.;9;212503.01;0;173.44;;;;;
2;1RA QUINCENA - ENERO DEL 01/01/2022 - AL 15/01/2022;US Dollar;1;2022-01-01;"ene2022";0001#333525-08-01-2022;INTERIOR PANAMA PJV;525-Progreso;9;212503.01;0;11.05;;;;;
2;1RA QUINCENA - ENERO DEL 01/01/2022 - AL 15/01/2022;US Dollar;1;2022-01-01;"ene2022";0001#333526-08-01-2022;METRO PANAMA PJV;526-Raquel Andrade C;9;212503.01;0;67.50;;;;;
2;1RA QUINCENA - ENERO DEL 01/01/2022 - AL 15/01/2022;US Dollar;1;2022-01-01;"ene2022";0001#333527-08-01-2022;METRO PANAMA PJV;527-Cuentas  X Cobrar  (Plomos);14;112701;0;175.25;;;;;
2;1RA QUINCENA - ENERO DEL 01/01/2022 - AL 15/01/2022;US Dollar;1;2022-01-01;"ene2022";0001#333528-08-01-2022;CENTRO PANAMA PJV;528-Cuentas X Cobrar (Compra);14;112701;0;185.25;;;;;
2;1RA QUINCENA - ENERO DEL 01/01/2022 - AL 15/01/2022;US Dollar;1;2022-01-01;"ene2022";0001#333529-08-01-2022;NORTE PANAMA PJV;529-Cuentas X Cobrar (faltantes);14;112701;0;125.56;;;;;
8;Vacaciones -ENERO DEL 01/01/2022 AL 30/01/2022;US Dollar;1;2022-01-01;"ene2022";0001#333530-01-01-2022;CENTRO PANAMA PJV;530-Cuentas X Cobrar (Pr�stamo);14;112701;0;175.00;;;;;
2;1RA QUINCENA - ENERO DEL 01/01/2022 - AL 15/01/2022;US Dollar;1;2022-01-01;"ene2022";0001#333531-08-01-2022;NORTE PANAMA PJV;531-Cuentas X Cobrar (varios);14;112701;0;166.42;;;;;
2;1RA QUINCENA - ENERO DEL 01/01/2022 - AL 15/01/2022;US Dollar;1;2022-01-01;"ene2022";0001#333532-08-01-2022;METRO PANAMA PJV;532-FALTANTE DE WESTER UNION;14;112701;0;30.00;;;;;
2;1RA QUINCENA - ENERO DEL 01/01/2022 - AL 15/01/2022;US Dollar;1;2022-01-01;"ene2022";0001#333533-08-01-2022;INTERIOR PANAMA PJV;533-LENTES;14;112701;0;8.00;;;;;
2;1RA QUINCENA - ENERO DEL 01/01/2022 - AL 15/01/2022;US Dollar;1;2022-01-01;"ene2022";0001#333534-08-01-2022;ESTE PANAMA PJV;534-ERROR DE KIULATAJE;14;112701;0;62.50;;;;;
2;1RA QUINCENA - ENERO DEL 01/01/2022 - AL 15/01/2022;US Dollar;1;2022-01-01;"ene2022";0001#333535-08-01-2022;ESTE PANAMA PJV;535-ERROR DE PESO;14;112701;0;41.80;;;;;
2;1RA QUINCENA - ENERO DEL 01/01/2022 - AL 15/01/2022;US Dollar;1;2022-01-01;"ene2022";0001#333536-08-01-2022;METRO PANAMA PJV;536-FALT JOYERIA Y ART. VTAS;14;112701;0;20.00;;;;;
2;1RA QUINCENA - ENERO DEL 01/01/2022 - AL 15/01/2022;US Dollar;1;2022-01-01;"ene2022";0001#333537-08-01-2022;METRO PANAMA PJV;537-NO DESC. PIEDRA;14;112701;0;15.00;;;;;
2;1RA QUINCENA - ENERO DEL 01/01/2022 - AL 15/01/2022;US Dollar;1;2022-01-01;"ene2022";0001#333590-08-01-2022;METRO PANAMA PJV;590-AHORROS  BANCO GENERAL;9;212503.01;0;904.75;;;;;
2;1RA QUINCENA - ENERO DEL 01/01/2022 - AL 15/01/2022;US Dollar;1;2022-01-01;"ene2022";0001#333591-08-01-2022;NORTE PANAMA PJV;591-CM  FINANCIERA, S. A.;9;212503.01;0;11.59;;;;;
8;Vacaciones -ENERO DEL 01/01/2022 AL 30/01/2022;US Dollar;1;2022-01-01;"ene2022";0001#3333000-01-01-2022;ESTE PANAMA PJV;3000-Patronal C.S.S.  (GASTO );36;611101.10-1;4922.84;0.00;;;;;
8;Vacaciones -ENERO DEL 01/01/2022 AL 30/01/2022;US Dollar;1;2022-01-01;"ene2022";0001#3333000-01-01-2022;ESTE PANAMA PJV;3000-Patronal C.S.S.  (GASTO ) Por Pagar;103;21220201;0.00;4922.84;;;;;
8;Vacaciones -ENERO DEL 01/01/2022 AL 30/01/2022;US Dollar;1;2022-01-01;"ene2022";0001#3333001-01-01-2022;ESTE PANAMA PJV;3001-Patronal  S.E    (GASTO );37;611101.11-1;602.72;0.00;;;;;
8;Vacaciones -ENERO DEL 01/01/2022 AL 30/01/2022;US Dollar;1;2022-01-01;"ene2022";0001#3333001-01-01-2022;ESTE PANAMA PJV;3001-Patronal  S.E    (GASTO ) Por Pagar;104;21220202;0.00;602.72;;;;;
8;Vacaciones -ENERO DEL 01/01/2022 AL 30/01/2022;US Dollar;1;2022-01-01;"ene2022";0001#3339005-01-01-2022;ESTE PANAMA PJV;9005-Prima de Antiguedad Reserva  (GASTO );42;611101.06-1;772.79;0.00;;;;;
8;Vacaciones -ENERO DEL 01/01/2022 AL 30/01/2022;US Dollar;1;2022-01-01;"ene2022";0001#3339005-01-01-2022;ESTE PANAMA PJV;9005-Prima de Antiguedad Reserva  (GASTO ) Por Pagar;153;22000101;0.00;772.79;;;;;
8;Vacaciones -ENERO DEL 01/01/2022 AL 30/01/2022;US Dollar;1;2022-01-01;"ene2022";0001#3339006-01-01-2022;ESTE PANAMA PJV;9006-Indemnización Reserva  (GASTO );43;611101.07-1;131.32;0.00;;;;;
8;Vacaciones -ENERO DEL 01/01/2022 AL 30/01/2022;US Dollar;1;2022-01-01;"ene2022";0001#3339006-01-01-2022;ESTE PANAMA PJV;9006-Indemnización Reserva  (GASTO ) Por Pagar;154;22000102;0.00;131.32;;;;;
8;Vacaciones -ENERO DEL 01/01/2022 AL 30/01/2022;US Dollar;1;2022-01-01;"ene2022";0001#3339007-01-01-2022;ESTE PANAMA PJV;9007-XIII Mes Reserva     (GASTO );41;611101.05-1;3347.48;0.00;;;;;
8;Vacaciones -ENERO DEL 01/01/2022 AL 30/01/2022;US Dollar;1;2022-01-01;"ene2022";0001#3339007-01-01-2022;ESTE PANAMA PJV;9007-XIII Mes Reserva     (GASTO ) Por Pagar;108;21220206;0.00;3347.48;;;;;
2;1RA QUINCENA - ENERO DEL 01/01/2022 - AL 15/01/2022;US Dollar;1;2022-01-01;"ene2022";0001#3339008-08-01-2022;NORTE PANAMA PJV;9008-Vacaciones  Reserva    (GASTO );40;611101.04-1;3387.59;0.00;;;;;
2;1RA QUINCENA - ENERO DEL 01/01/2022 - AL 15/01/2022;US Dollar;1;2022-01-01;"ene2022";0001#3339008-08-01-2022;NORTE PANAMA PJV;9008-Vacaciones  Reserva    (GASTO ) Por Pagar;107;21220205;0.00;3387.59;;;;;
8;Vacaciones -ENERO DEL 01/01/2022 AL 30/01/2022;US Dollar;1;2022-01-01;"ene2022";0001#3339009-01-01-2022;ESTE PANAMA PJV;9009-Riesgo Profesional    (GASTO );38;611101.12-1;393.83;0.00;;;;;
8;Vacaciones -ENERO DEL 01/01/2022 AL 30/01/2022;US Dollar;1;2022-01-01;"ene2022";0001#3339009-01-01-2022;ESTE PANAMA PJV;9009-Riesgo Profesional    (GASTO ) Por Pagar;105;21220203;0.00;393.83;;;;;
2;1RA QUINCENA - ENERO DEL 01/01/2022 - AL 15/01/2022;US Dollar;1;2022-01-01;"ene2022";0001#333180-08-01-2022;NUEVO GRUPO PJV;180-DEVOLUCION CXC;14;112701;70.00;0;1712;Gittens Rodriguez, Amado Alexander;;;
2;1RA QUINCENA - ENERO DEL 01/01/2022 - AL 15/01/2022;US Dollar;1;2022-01-01;"ene2022";0001#333180-08-01-2022;METRO PANAMA PJV;180-DEVOLUCION CXC;14;112701;40.00;0;1902;Arenas Kathiuska, Katherine Linares;;;
2;1RA QUINCENA - ENERO DEL 01/01/2022 - AL 15/01/2022;US Dollar;1;2022-01-01;"ene2022";0001#333180-08-01-2022;INTERIOR PANAMA PJV;180-DEVOLUCION CXC;14;112701;25.00;0;950;Reyes Garcia, Olga Elena;;;
2;1RA QUINCENA - ENERO DEL 01/01/2022 - AL 15/01/2022;US Dollar;1;2022-01-01;"ene2022";0001#333180-08-01-2022;ESTE PANAMA PJV;180-DEVOLUCION CXC;14;112701;58.00;0;985;Mairena Arauz, Maria Felix;;;
2;1RA QUINCENA - ENERO DEL 01/01/2022 - AL 15/01/2022;US Dollar;1;2022-01-01;"ene2022";0001#333180-08-01-2022;ESTE PANAMA PJV;Total Salarios Por Pagar;102;112101;0;84405.33;;;;;
